City_ID,City,Country,Date,Lat,Lng,Max Temp,Humidity,Cloudiness,Wind Speed
0,Mandera,KE,2021-03-23 17:52:36,3.9366,41.867,91.71,11,10,8.46
1,Roald,NO,2021-03-23 17:52:36,62.5833,6.1333,50.0,62,75,16.11
2,Natal,BR,2021-03-23 17:52:36,-5.795,-35.2094,87.8,66,40,14.97
3,Faya,SA,2021-03-23 17:52:36,18.3851,42.4509,69.8,56,0,10.36
4,Kapaa,US,2021-03-23 17:52:37,22.0752,-159.319,64.4,88,1,8.05
5,Kitob,UZ,2021-03-23 17:52:37,39.0843,66.8332,44.6,93,75,9.22
6,Sitka,US,2021-03-23 17:52:37,57.0531,-135.33,37.4,93,90,11.5
7,Makali,SL,2021-03-23 17:52:37,8.6333,-11.6667,84.87,48,77,3.24
8,Chokurdakh,RU,2021-03-23 17:52:37,70.6333,147.9167,-10.16,94,100,13.15
9,Ribeira Grande,PT,2021-03-23 17:52:38,38.5167,-28.7,59.0,58,40,16.11
10,Mataura,NZ,2021-03-23 17:52:38,-46.1927,168.8643,53.01,98,100,1.36
11,Ninghai,CN,2021-03-23 17:52:38,29.2892,121.4247,53.01,94,100,1.99
12,Mokshan,RU,2021-03-23 17:52:38,53.4365,44.6132,29.98,98,100,6.55
13,East London,ZA,2021-03-23 17:52:39,-33.0153,27.9116,68.0,77,20,10.36
14,Byron Bay,AU,2021-03-23 17:52:39,-28.65,153.6167,73.0,100,39,8.55
15,Kavaratti,IN,2021-03-23 17:52:39,10.5669,72.642,83.32,71,0,8.28
16,Osmaniye,TR,2021-03-23 17:49:46,37.0742,36.2478,56.53,90,73,4.32
17,New Norfolk,AU,2021-03-23 17:52:40,-42.7826,147.0587,63.0,78,100,1.01
18,Ushuaia,AR,2021-03-23 17:50:46,-54.8,-68.3,48.2,87,75,1.74
19,Gladstone,AU,2021-03-23 17:52:40,-23.85,151.25,78.8,89,75,6.91
20,Hobart,AU,2021-03-23 17:48:31,-42.8794,147.3294,63.0,94,75,5.75
21,Surgut,RU,2021-03-23 17:52:40,61.25,73.4167,23.0,63,0,6.71
22,Ibipeba,BR,2021-03-23 17:52:40,-11.6408,-42.0111,93.58,21,8,9.31
23,Liuzhou,CN,2021-03-23 17:52:41,24.3126,109.3892,55.62,69,8,1.19
24,Hasaki,JP,2021-03-23 17:52:41,35.7333,140.8333,41.0,87,20,1.14
25,Busselton,AU,2021-03-23 17:52:41,-33.65,115.3333,51.01,94,0,8.9
26,Souillac,MU,2021-03-23 17:52:41,-20.5167,57.5167,80.6,89,75,6.91
27,Da Nang,VN,2021-03-23 17:52:42,16.0678,108.2208,69.8,83,75,2.3
28,Kedrovyy,RU,2021-03-23 17:52:42,56.1667,91.8167,24.8,86,0,2.24
29,Bambous Virieux,MU,2021-03-23 17:52:42,-20.3428,57.7575,81.0,89,75,6.91
30,Korla,CN,2021-03-23 17:52:42,41.7597,86.1469,51.57,35,99,3.13
31,Port Alfred,ZA,2021-03-23 17:52:43,-33.5906,26.891,69.44,72,20,18.01
32,Khorramshahr,IR,2021-03-23 17:52:43,30.4397,48.1664,78.8,31,0,4.61
33,Puerto Ayora,EC,2021-03-23 17:52:43,-0.7393,-90.3518,82.99,83,75,4.97
34,Jamestown,US,2021-03-23 17:49:56,42.097,-79.2353,59.0,25,1,10.4
35,Novyy Urgal,RU,2021-03-23 17:52:43,51.0736,132.5642,2.44,91,4,0.27
36,Tasiilaq,GL,2021-03-23 17:52:44,65.6145,-37.6368,15.8,67,40,12.66
37,Trincomalee,LK,2021-03-23 17:52:44,8.5711,81.2335,82.0,71,10,9.86
38,Clyde River,CA,2021-03-23 17:52:44,70.4692,-68.5914,-13.0,64,75,11.5
39,Perelyub,RU,2021-03-23 17:52:44,51.8667,50.3667,30.7,97,100,11.1
40,Castro,BR,2021-03-23 17:52:45,-24.7911,-50.0119,79.77,60,23,3.98
41,Rikitea,PF,2021-03-23 17:52:45,-23.1203,-134.9692,79.21,75,7,10.27
42,Arraial Do Cabo,BR,2021-03-23 17:52:45,-22.9661,-42.0278,84.2,74,0,13.8
43,Fort Saint James,CA,2021-03-23 17:52:45,54.4333,-124.25,32.05,82,100,5.75
44,Leningradskiy,RU,2021-03-23 17:52:46,69.3833,178.4167,-4.2,97,100,5.7
45,Punta Arenas,CL,2021-03-23 17:52:46,-53.15,-70.9167,50.0,76,75,10.36
46,Novyy Svit,UA,2021-03-23 17:52:46,47.8059,38.0211,34.9,84,98,9.55
47,Maroantsetra,MG,2021-03-23 17:52:46,-15.4333,49.7333,77.99,86,100,3.13
48,Vaini,TO,2021-03-23 17:52:47,-21.2,-175.2,71.6,100,75,2.3
49,Qaanaaq,GL,2021-03-23 17:52:47,77.484,-69.3632,-14.12,70,56,5.23
50,Tuktoyaktuk,CA,2021-03-23 17:52:47,69.4541,-133.0374,-7.6,71,20,19.57
51,Khatanga,RU,2021-03-23 17:52:47,71.9667,102.5,-12.89,93,100,3.96
52,Saskylakh,RU,2021-03-23 17:52:48,71.9167,114.0833,-38.18,100,49,5.7
53,Cidreira,BR,2021-03-23 17:52:48,-30.1811,-50.2056,71.74,92,100,2.98
54,Shelburne,CA,2021-03-23 17:52:48,44.0787,-80.2041,69.8,19,1,11.5
55,Bluff,NZ,2021-03-23 17:52:49,-46.6,168.3333,53.01,98,95,4.7
56,Sechura,PE,2021-03-23 17:52:49,-5.5569,-80.8222,82.9,52,90,9.51
57,Cherskiy,RU,2021-03-23 17:52:49,68.75,161.3,2.97,95,100,7.23
58,Vila Velha,BR,2021-03-23 17:52:49,-20.3297,-40.2925,87.8,62,20,10.36
59,Bowen,AU,2021-03-23 17:52:49,-20.0167,148.2333,75.2,94,99,3.44
60,Cherdyn,RU,2021-03-23 17:52:50,60.403,56.4787,18.52,96,86,4.76
61,Ilulissat,GL,2021-03-23 17:52:50,69.2167,-51.1,-4.0,77,75,16.11
62,Thompson,CA,2021-03-23 17:52:19,55.7435,-97.8558,-2.2,55,1,6.91
63,Kaitangata,NZ,2021-03-23 17:52:50,-46.2817,169.8464,52.79,93,100,3.58
64,Ambilobe,MG,2021-03-23 17:52:51,-13.2,49.05,74.28,96,82,3.31
65,Bouillante,GP,2021-03-23 17:52:51,16.1304,-61.7692,84.2,61,40,14.97
66,Bremerton,US,2021-03-23 17:52:51,47.5673,-122.6326,46.99,87,20,3.27
67,Nizhnyaya Poyma,RU,2021-03-23 17:52:51,56.1622,97.1933,24.78,92,40,7.16
68,Paamiut,GL,2021-03-23 17:52:51,61.994,-49.6678,19.49,66,100,11.34
69,Yellowknife,CA,2021-03-23 17:52:52,62.456,-114.3525,-7.01,59,90,10.36
70,Tuatapere,NZ,2021-03-23 17:52:52,-46.1333,167.6833,53.01,98,100,2.66
71,Saint-Philippe,RE,2021-03-23 17:52:52,-21.3585,55.7679,80.6,83,0,2.3
72,Grand Baie,MU,2021-03-23 17:52:52,-20.0182,57.5802,81.0,83,11,1.01
73,Doha,QA,2021-03-23 17:52:53,25.2867,51.5333,84.2,18,0,4.61
74,Puerto Del Rosario,ES,2021-03-23 17:52:53,28.5004,-13.8627,69.8,60,0,10.36
75,Xining,CN,2021-03-23 17:52:53,36.6167,101.7667,39.83,24,49,1.97
76,Albany,US,2021-03-23 17:52:36,42.6001,-73.9662,64.99,16,23,6.02
77,Prestea,GH,2021-03-23 17:52:54,5.4327,-2.1428,81.34,75,100,5.5
78,San Luis,AR,2021-03-23 17:52:54,-33.295,-66.3356,78.94,32,0,8.37
79,Muroto,JP,2021-03-23 17:52:54,33.2833,134.15,54.82,66,0,7.45
80,Tiksi,RU,2021-03-23 17:52:54,71.6872,128.8694,-26.0,100,100,4.94
81,Noumea,NC,2021-03-23 17:50:47,-22.2763,166.4572,66.2,94,0,8.12
82,Liuhe,CN,2021-03-23 17:52:55,42.2401,125.7172,36.48,72,100,6.96
83,Norman Wells,CA,2021-03-23 17:52:55,65.282,-126.8329,-2.2,71,20,16.11
84,Butaritari,KI,2021-03-23 17:52:55,3.0707,172.7902,80.89,80,40,21.25
85,Taltal,CL,2021-03-23 17:52:55,-25.4,-70.4833,70.7,69,16,6.46
86,Traralgon,AU,2021-03-23 17:52:56,-38.1833,146.5333,61.0,98,100,5.01
87,Kodiak,US,2021-03-23 17:51:34,57.79,-152.4072,32.0,74,1,6.91
88,San Patricio,US,2021-03-23 17:52:56,28.017,-97.5169,84.99,50,75,12.66
89,Bredasdorp,ZA,2021-03-23 17:52:56,-34.5322,20.0403,68.0,77,2,13.8
90,Port Elizabeth,ZA,2021-03-23 17:52:56,-33.918,25.5701,68.0,77,0,14.97
91,Jalu,LY,2021-03-23 17:52:57,29.0331,21.5482,60.94,36,0,19.71
92,Nikolskoye,RU,2021-03-23 17:52:57,59.7035,30.7861,37.4,52,90,11.18
93,Lavrentiya,RU,2021-03-23 17:52:57,65.5833,-171.0,7.61,95,100,11.59
94,Vanimo,PG,2021-03-23 17:52:57,-2.6741,141.3028,77.99,87,100,4.16
95,Ilek,RU,2021-03-23 17:52:58,51.5271,53.3831,26.17,93,100,8.19
96,Port Said,EG,2021-03-23 17:52:58,31.2565,32.2841,64.4,68,75,23.02
97,Parana,AR,2021-03-23 17:52:58,-31.732,-60.5238,84.0,42,0,3.0
98,Boras,SE,2021-03-23 17:51:56,57.721,12.9401,41.0,87,75,8.05
99,Hermanus,ZA,2021-03-23 17:52:58,-34.4187,19.2345,70.0,74,0,8.01
100,Wagar,SD,2021-03-23 17:52:59,16.1525,36.2032,96.85,11,0,6.98
101,Hearst,CA,2021-03-23 17:51:53,49.6835,-83.6665,44.6,70,100,4.61
102,Hilo,US,2021-03-23 17:52:59,19.7297,-155.09,66.99,72,1,6.91
103,Tuy Hoa,VN,2021-03-23 17:52:59,13.0833,109.3,73.38,92,100,7.61
104,Agadez,NE,2021-03-23 17:52:59,19.75,10.25,81.07,12,11,11.32
105,Tumpat,MY,2021-03-23 17:53:00,6.1978,102.171,82.4,83,40,13.8
106,Nampula,MZ,2021-03-23 17:53:00,-15.1165,39.2666,75.2,88,40,8.05
107,Homer,US,2021-03-23 17:53:00,59.6425,-151.5483,28.0,80,40,5.93
108,North Platte,US,2021-03-23 17:48:31,41.1239,-100.7654,41.0,81,90,24.16
109,Burnie,AU,2021-03-23 17:53:00,-41.0667,145.9167,59.0,88,100,8.99
110,Thessalon,CA,2021-03-23 17:53:01,46.2501,-83.5666,57.2,44,1,7.52
111,Puerto Rondon,CO,2021-03-23 17:53:01,6.2805,-71.1,92.5,39,94,5.99
112,Paragominas,BR,2021-03-23 17:53:01,-2.9667,-47.4833,85.23,65,63,4.56
113,Worthington,US,2021-03-23 17:53:01,40.0931,-83.018,66.0,42,1,12.66
114,College,US,2021-03-23 17:53:02,64.8569,-147.8028,12.2,79,90,3.44
115,Manono,CD,2021-03-23 17:53:02,-7.3,27.4167,74.46,75,21,3.22
116,San Jose,US,2021-03-23 17:48:21,37.3394,-121.895,59.0,44,1,19.57
117,Faanui,PF,2021-03-23 17:53:02,-16.4833,-151.75,83.28,74,16,19.55
118,Ancud,CL,2021-03-23 17:53:03,-41.8697,-73.8203,64.99,67,75,11.5
119,Liverpool,GB,2021-03-23 17:48:40,53.4106,-2.9779,53.6,62,75,14.97
120,Carballo,ES,2021-03-23 17:53:03,43.213,-8.691,55.4,71,75,6.91
121,San Cristobal,VE,2021-03-23 17:53:03,7.7669,-72.225,84.2,65,40,6.91
122,Kabwe,ZM,2021-03-23 17:53:03,-14.4469,28.4464,64.65,91,53,6.15
123,Odweyne,SO,2021-03-23 17:53:04,9.4092,45.064,73.27,40,4,10.02
124,Pochutla,MX,2021-03-23 17:53:04,15.7432,-96.4661,90.0,51,1,13.8
125,Afonso Claudio,BR,2021-03-23 17:53:04,-20.0742,-41.1239,84.38,60,25,3.42
126,Malatya,TR,2021-03-23 17:52:06,38.5,38.0,46.4,100,75,2.3
127,Sao Filipe,CV,2021-03-23 17:53:05,14.8961,-24.4956,70.57,75,9,14.07
128,Sydney,AU,2021-03-23 17:51:27,-33.8679,151.2073,66.99,100,1,9.86
129,Dryden,CA,2021-03-23 17:53:05,49.7833,-92.7503,42.8,42,40,4.61
130,Genhe,CN,2021-03-23 17:53:05,50.7833,121.5167,13.23,99,89,1.79
131,Sinnamary,GF,2021-03-23 17:53:05,5.3833,-52.95,78.31,87,99,10.38
132,Dentsville,US,2021-03-23 17:53:06,34.064,-80.9582,68.0,60,90,5.75
133,Vestmannaeyjar,IS,2021-03-23 17:53:06,63.4427,-20.2734,35.6,93,40,13.8
134,Atuona,PF,2021-03-23 17:53:06,-9.8,-139.0333,80.65,67,14,20.18
135,Itoman,JP,2021-03-23 17:53:07,26.1247,127.6694,64.4,55,75,8.05
136,Barrow,US,2021-03-23 17:53:07,71.2906,-156.7887,-9.4,70,75,10.36
137,Vaitape,PF,2021-03-23 17:53:07,-16.5167,-151.75,83.26,74,15,19.53
138,Vilhena,BR,2021-03-23 17:53:07,-12.7406,-60.1458,80.6,74,75,4.61
139,Nazca,PE,2021-03-23 17:53:08,-14.8333,-74.95,84.0,43,97,5.68
140,Bulungu,CD,2021-03-23 17:53:08,-4.55,18.6,78.04,72,55,1.36
141,Bodrum,TR,2021-03-23 17:52:17,37.0383,27.4292,53.6,66,75,3.44
142,Kholm,RU,2021-03-23 17:53:08,59.2667,32.85,25.7,85,49,7.72
143,Mehamn,NO,2021-03-23 17:53:08,71.0357,27.8492,32.0,93,90,34.52
144,Avarua,CK,2021-03-23 17:48:15,-21.2078,-159.775,80.6,89,20,8.05
145,Liyang,CN,2021-03-23 17:53:09,29.7057,118.2862,51.06,93,100,2.19
146,Buala,SB,2021-03-23 17:53:09,-8.145,159.5921,79.59,84,19,5.91
147,Divnomorskoye,RU,2021-03-23 17:53:09,44.5011,38.1353,39.45,81,100,14.05
148,Port Blair,IN,2021-03-23 17:53:09,11.6667,92.75,82.08,76,96,4.0
149,Puerto Escondido,MX,2021-03-23 17:53:10,15.85,-97.0667,86.0,79,1,10.36
150,Marondera,ZW,2021-03-23 17:53:10,-18.1853,31.5519,58.42,97,66,7.85
151,Severo-Kurilsk,RU,2021-03-23 17:53:10,50.6789,156.125,23.67,76,14,8.99
152,Letka,RU,2021-03-23 17:53:10,59.6011,49.4232,22.96,96,98,5.86
153,Morant Bay,JM,2021-03-23 17:53:11,17.8815,-76.4093,84.99,65,20,8.05
154,Chuy,UY,2021-03-23 17:53:11,-33.6971,-53.4616,73.83,59,31,8.72
155,Henties Bay,NA,2021-03-23 17:53:11,-22.116,14.2845,64.0,90,2,5.99
156,Coquimbo,CL,2021-03-23 17:50:11,-29.9533,-71.3436,66.2,68,0,17.27
157,Do Gonbadan,IR,2021-03-23 17:53:11,30.3586,50.7981,66.2,48,0,2.68
158,Coracora,PE,2021-03-23 17:53:12,-15.0333,-73.7833,54.7,74,99,7.56
159,Mitsamiouli,KM,2021-03-23 17:53:12,-11.3847,43.2844,82.67,72,93,3.29
160,Hwange,ZW,2021-03-23 17:53:12,-18.3693,26.5019,72.37,74,57,2.46
161,Budesti,RO,2021-03-23 17:53:13,44.2347,26.4658,39.99,85,75,1.01
162,Kargasok,RU,2021-03-23 17:53:13,59.0556,80.8572,6.58,99,45,5.1
163,Bariadi,TZ,2021-03-23 17:53:13,-2.8,33.9833,65.39,87,75,3.62
164,Opuwo,NA,2021-03-23 17:53:13,-18.0607,13.84,71.42,79,98,4.79
165,Bethel,US,2021-03-23 17:53:13,41.3712,-73.414,64.99,32,1,3.44
166,Port Macquarie,AU,2021-03-23 17:50:56,-31.4333,152.9167,68.0,100,90,5.1
167,Ermelo,ZA,2021-03-23 17:53:14,-26.5333,29.9833,56.57,96,82,9.48
168,Cape Town,ZA,2021-03-23 17:50:20,-33.9258,18.4232,78.01,64,0,13.8
169,Dinahican,PH,2021-03-23 17:53:14,14.7167,121.7167,78.35,82,99,12.35
170,Shingu,JP,2021-03-23 17:53:14,33.7333,135.9833,43.41,67,0,5.28
171,Pandan,PH,2021-03-23 17:53:15,14.0453,124.1694,78.76,83,90,15.3
172,Aklavik,CA,2021-03-23 17:53:15,68.2191,-135.0107,-7.6,71,40,18.41
173,Bathsheba,BB,2021-03-23 17:53:15,13.2167,-59.5167,84.2,51,20,23.02
174,Comodoro Rivadavia,AR,2021-03-23 17:53:15,-45.8667,-67.5,75.2,25,20,26.46
175,Lagoa,PT,2021-03-23 17:53:16,39.05,-27.9833,54.93,54,100,12.06
176,Katsuura,JP,2021-03-23 17:53:16,35.1333,140.3,52.0,66,20,9.22
177,Saint-Augustin,CA,2021-03-23 17:53:16,51.226,-58.6502,38.91,99,92,10.56
178,Kashan,IR,2021-03-23 17:53:16,33.9831,51.4364,72.0,27,79,2.35
179,Hervey Bay,AU,2021-03-23 17:53:17,-25.2986,152.8535,78.01,92,92,5.01
180,Cairns,AU,2021-03-23 17:53:17,-16.9167,145.7667,78.8,83,90,2.3
181,Smithers,CA,2021-03-23 17:53:17,54.7804,-127.1743,35.6,75,90,3.44
182,Oxford,GB,2021-03-23 17:53:17,51.7522,-1.256,52.0,66,40,11.5
183,Sibolga,ID,2021-03-23 17:53:18,1.7427,98.7792,75.56,93,100,3.38
184,High Level,CA,2021-03-23 17:53:18,58.5169,-117.136,5.0,78,40,3.22
185,Kruisfontein,ZA,2021-03-23 17:53:18,-34.0033,24.7314,69.01,76,0,7.0
186,Victoria,HK,2021-03-23 17:53:18,22.2855,114.1577,68.0,73,100,8.81
187,Les Cayes,HT,2021-03-23 17:53:19,18.2,-73.75,81.91,62,40,9.35
188,Cuenca,EC,2021-03-23 17:53:19,-2.8833,-78.9833,71.6,46,40,5.75
189,Waidhofen,DE,2021-03-23 17:53:19,48.5833,11.3333,42.8,70,75,3.44
190,Hithadhoo,MV,2021-03-23 17:53:19,-0.6,73.0833,83.7,67,33,7.07
191,Mount Gambier,AU,2021-03-23 17:53:19,-37.8333,140.7667,60.8,94,75,12.66
192,Sorland,NO,2021-03-23 17:53:20,67.667,12.6934,37.4,93,75,13.8
193,Lebork,PL,2021-03-23 17:53:20,54.5392,17.7501,43.0,81,40,12.66
194,Ajaccio,FR,2021-03-23 17:52:05,42.0,8.9167,53.6,62,20,3.44
195,Yei,SS,2021-03-23 17:53:20,4.095,30.6779,76.37,56,95,4.12
196,Bubaque,GW,2021-03-23 17:53:21,11.2833,-15.8333,77.22,67,66,19.44
197,Sao Felix Do Xingu,BR,2021-03-23 17:53:21,-6.6447,-51.995,87.94,56,78,4.0
198,Airai,TL,2021-03-23 17:53:21,-8.9266,125.4092,60.21,92,87,1.34
199,Conde,BR,2021-03-23 17:53:21,-7.2597,-34.9075,86.0,66,20,13.8
200,Santa Isabel Do Rio Negro,BR,2021-03-23 17:53:22,-0.4139,-65.0192,75.96,86,100,4.23
201,Tondano,ID,2021-03-23 17:53:22,1.3038,124.9112,77.0,94,40,2.3
202,Farafangana,MG,2021-03-23 17:53:22,-22.8167,47.8333,77.32,89,93,6.62
203,Vanavara,RU,2021-03-23 17:53:23,60.34,102.2797,12.58,97,100,2.28
204,Bar Harbor,US,2021-03-23 17:53:23,44.3876,-68.2039,55.99,54,1,10.36
205,Fort Nelson,CA,2021-03-23 17:53:23,58.8053,-122.7002,5.0,78,90,4.61
206,Yekaterinoslavka,RU,2021-03-23 17:53:24,50.3734,129.1139,12.92,77,7,1.54
207,Zeya,RU,2021-03-23 17:53:24,53.75,127.2667,-3.68,96,11,2.84
208,Pacific Grove,US,2021-03-23 17:50:04,36.6177,-121.9166,57.2,54,1,6.91
209,Mwinilunga,ZM,2021-03-23 17:53:24,-11.7358,24.4293,63.79,95,58,3.31
210,Olafsvik,IS,2021-03-23 17:53:25,64.8945,-23.7142,34.0,71,73,8.81
211,Bone,DE,2021-03-23 17:53:25,51.9669,12.1396,46.0,69,96,1.01
212,Esperance,AU,2021-03-23 17:53:25,-33.8667,121.9,57.2,72,75,3.44
213,Talnakh,RU,2021-03-23 17:53:25,69.4865,88.3972,0.19,97,100,8.52
214,Nanortalik,GL,2021-03-23 17:53:26,60.1432,-45.2371,26.58,58,15,14.88
215,Muros,ES,2021-03-23 17:53:26,42.7762,-9.0603,61.0,63,18,7.38
216,Solnechnyy,RU,2021-03-23 17:53:26,50.7214,136.6319,6.67,87,31,3.42
217,Rzhev,RU,2021-03-23 17:53:26,56.2624,34.3282,18.7,91,64,1.59
218,Coahuayana,MX,2021-03-23 17:53:27,18.7333,-103.6833,77.0,41,1,7.56
219,Longyearbyen,SJ,2021-03-23 17:53:27,78.2186,15.6401,24.8,68,75,14.97
220,Sao Luiz Gonzaga,BR,2021-03-23 17:53:27,-28.4083,-54.9608,78.96,70,100,5.66
221,Barranca,PE,2021-03-23 17:53:27,-10.75,-77.7667,73.38,72,100,9.86
222,Basmat,IN,2021-03-23 17:53:28,19.3167,77.1667,82.33,36,60,14.05
223,San Quintin,MX,2021-03-23 17:53:28,30.4833,-115.95,57.72,74,90,13.65
224,Rosetta,EG,2021-03-23 17:51:28,31.4044,30.4164,62.6,67,40,17.27
225,Sereflikochisar,TR,2021-03-23 17:53:28,38.9393,33.5386,44.96,87,100,8.79
226,Miandrivazo,MG,2021-03-23 17:53:29,-19.5167,45.4667,76.89,87,91,3.24
227,Immokalee,US,2021-03-23 17:53:29,26.4187,-81.4173,79.0,44,20,6.91
228,Axim,GH,2021-03-23 17:53:29,4.8699,-2.2405,81.14,79,99,9.28
229,Darnah,LY,2021-03-23 17:53:29,32.767,22.6367,56.55,64,33,30.33
230,Anadyr,RU,2021-03-23 17:53:30,64.75,177.4833,24.8,93,90,20.13
231,Bull Savanna,JM,2021-03-23 17:53:30,17.8868,-77.5902,81.19,59,0,10.65
232,Sao Jose Da Coroa Grande,BR,2021-03-23 17:53:30,-8.8978,-35.1478,83.7,64,38,9.86
233,Husavik,IS,2021-03-23 17:53:31,66.0449,-17.3389,41.0,42,40,4.61
234,Puerto Narino,CO,2021-03-23 17:53:31,-3.7703,-70.3831,80.6,94,75,5.75
235,Laranjeiras Do Sul,BR,2021-03-23 17:53:31,-25.4078,-52.4161,82.51,50,94,3.91
236,Kokopo,PG,2021-03-23 17:53:31,-4.352,152.2633,76.96,85,100,3.33
237,Upernavik,GL,2021-03-23 17:53:32,72.7868,-56.1549,-7.96,87,100,9.62
238,Yatou,CN,2021-03-23 17:53:32,37.15,122.3833,44.44,85,35,12.35
239,Rawlins,US,2021-03-23 17:53:32,41.7911,-107.2387,33.8,55,90,17.27
240,Tombouctou,ML,2021-03-23 17:53:32,20.0,-3.0,83.91,7,32,11.48
241,Karpathos,GR,2021-03-23 17:53:33,35.507,27.2132,57.2,67,40,17.27
242,Umkomaas,ZA,2021-03-23 17:53:33,-30.2067,30.7978,73.99,89,60,2.21
243,Andenes,NO,2021-03-23 17:53:33,69.3143,16.1194,39.2,75,75,29.93
244,Filadelfia,US,2021-03-23 17:49:57,39.9523,-75.1638,66.0,59,75,10.36
245,Nouadhibou,MR,2021-03-23 17:53:33,20.931,-17.0347,68.0,73,0,20.71
246,Saint Anthony,US,2021-03-23 17:53:34,45.0205,-93.218,57.0,62,90,11.5
247,Balykshi,KZ,2021-03-23 17:53:34,47.0667,51.8667,42.8,65,0,24.61
248,Guerrero Negro,MX,2021-03-23 17:53:34,27.9769,-114.0611,62.35,59,37,19.08
249,Pingliang,CN,2021-03-23 17:53:34,35.5392,106.6861,49.96,27,54,5.14
250,Vao,NC,2021-03-23 17:53:35,-22.6667,167.4833,75.33,66,100,14.45
251,Merauke,ID,2021-03-23 17:53:35,-8.4667,140.3333,80.71,80,100,3.69
252,Ganzhou,CN,2021-03-23 17:53:35,28.8184,115.4327,50.77,81,91,2.95
253,Sao Paulo Do Potengi,BR,2021-03-23 17:53:35,-5.895,-35.7628,87.8,55,40,16.11
254,Bodden Town,KY,2021-03-23 17:53:36,19.2833,-81.25,84.2,58,20,12.66
255,General Roca,AR,2021-03-23 17:53:36,-39.0333,-67.5833,84.2,26,0,16.11
256,Lasa,IT,2021-03-23 17:53:36,46.6166,10.7002,59.0,48,0,5.75
257,Alofi,NU,2021-03-23 17:53:36,-19.0595,-169.9187,78.8,94,40,5.75
258,Ca Mau,VN,2021-03-23 17:53:37,9.1769,105.15,82.76,67,100,13.85
259,Toba,JP,2021-03-23 17:53:37,34.4833,136.85,46.4,76,0,8.05
260,Grand-Santi,GF,2021-03-23 17:53:37,4.25,-54.3833,78.66,91,99,5.39
261,Fortuna,US,2021-03-23 17:53:37,40.5982,-124.1573,52.0,66,1,8.05
262,Sisimiut,GL,2021-03-23 17:53:38,66.9395,-53.6735,-0.96,81,96,5.75
263,Lebu,CL,2021-03-23 17:53:38,-37.6167,-73.65,62.85,73,51,10.94
264,Nelson Bay,AU,2021-03-23 17:53:38,-32.7167,152.15,69.8,83,38,16.11
265,Hadejia,NG,2021-03-23 17:53:38,12.4498,10.0444,90.84,10,100,4.05
266,Amazar,RU,2021-03-23 17:53:39,53.858,120.875,5.88,99,88,2.3
267,Coihueco,CL,2021-03-23 17:53:39,-36.6167,-71.8333,71.6,43,0,8.05
268,Dwarka,IN,2021-03-23 17:53:39,22.2394,68.9678,78.21,70,0,10.16
269,Carnarvon,AU,2021-03-23 17:53:39,-24.8667,113.6333,73.4,78,75,18.41
270,Chapais,CA,2021-03-23 17:53:40,49.7834,-74.8492,42.8,42,1,3.18
271,Dikson,RU,2021-03-23 17:53:40,73.5069,80.5464,-21.71,99,50,6.85
272,Laguna,US,2021-03-23 17:53:40,38.421,-121.4238,60.01,38,1,24.16
273,Dudinka,RU,2021-03-23 17:53:40,69.4058,86.1778,-11.36,100,86,7.61
274,Carlsbad,US,2021-03-23 17:52:50,33.1581,-117.3506,62.6,67,90,9.22
275,Zhanaozen,KZ,2021-03-23 17:53:41,43.3,52.8,50.38,51,69,26.87
276,Puerto Baquerizo Moreno,EC,2021-03-23 17:52:43,-0.9,-89.6,80.6,83,75,4.61
277,Prado,BR,2021-03-23 17:53:41,-17.3411,-39.2208,82.96,64,4,8.95
278,Marietta,US,2021-03-23 17:53:41,33.9526,-84.5499,66.99,59,90,12.66
279,Dehloran,IR,2021-03-23 17:53:42,32.6941,47.2679,75.47,34,19,8.43
280,Isla Mujeres,MX,2021-03-23 17:53:42,21.2311,-86.731,82.4,61,40,17.27
281,Lorengau,PG,2021-03-23 17:53:42,-2.0226,147.2712,80.58,76,99,2.59
282,Iqaluit,CA,2021-03-23 17:53:42,63.7506,-68.5145,-18.0,57,20,20.71
283,Havre-Saint-Pierre,CA,2021-03-23 17:53:42,50.2334,-63.5986,41.0,60,1,12.66
284,Mahebourg,MU,2021-03-23 17:53:43,-20.4081,57.7,80.6,89,75,6.91
285,Asau,RO,2021-03-23 17:53:43,46.4333,26.4,32.0,68,100,8.34
286,Rocha,UY,2021-03-23 17:53:43,-34.4833,-54.3333,74.26,61,62,5.1
287,Imaculada,BR,2021-03-23 17:53:43,-7.3897,-37.5092,87.31,34,53,2.95
288,Emerald,AU,2021-03-23 17:53:44,-23.5333,148.1667,78.8,89,90,4.61
289,Jiaocheng,CN,2021-03-23 17:53:44,24.6774,116.1389,58.98,87,99,1.21
290,Grindavik,IS,2021-03-23 17:51:06,63.8424,-22.4338,35.6,69,75,10.36
291,Bajil,YE,2021-03-23 17:53:44,15.0584,43.2851,83.43,45,2,6.11
292,Konstantinovka,RU,2021-03-23 17:53:45,49.6167,127.9833,24.01,45,59,3.87
293,Palu,ID,2021-03-23 17:53:45,-0.8917,119.8707,74.73,94,76,2.35
294,Kununurra,AU,2021-03-23 17:53:45,-15.7667,128.7333,78.8,100,74,2.3
295,Denison,US,2021-03-23 17:53:45,33.7557,-96.5367,61.0,58,1,16.11
296,Jiayuguan,CN,2021-03-23 17:53:45,39.8167,98.3,42.75,16,100,5.32
297,Okhotsk,RU,2021-03-23 17:53:46,59.3833,143.3,-7.8,98,99,6.93
298,Varna,BG,2021-03-23 17:53:46,43.2167,27.9167,37.4,70,20,10.36
299,Pisco,PE,2021-03-23 17:53:46,-13.7,-76.2167,75.2,64,0,9.22
300,Killarney,IE,2021-03-23 17:53:47,52.05,-9.5167,46.99,83,100,5.21
301,Kaeo,NZ,2021-03-23 17:53:47,-35.1,173.7833,55.99,94,11,1.99
302,Neiafu,TO,2021-03-23 17:53:47,-18.65,-173.9833,75.2,100,75,10.98
303,Avera,US,2021-03-23 17:53:47,33.194,-82.5271,71.6,56,40,5.75
304,Araouane,ML,2021-03-23 17:53:48,18.9048,-3.5265,86.18,8,28,11.01
305,Barabai,ID,2021-03-23 17:53:48,-2.5833,115.3833,73.04,99,100,1.01
306,Naranjal,EC,2021-03-23 17:49:01,-2.6667,-79.6167,88.0,55,40,5.75
307,Pantai Remis,MY,2021-03-23 17:53:48,4.4557,100.6288,77.0,94,40,2.3
308,Torrington,US,2021-03-23 17:53:08,41.8007,-73.1212,64.99,35,25,1.99
309,Caravelas,BR,2021-03-23 17:53:48,-17.7125,-39.2481,83.98,59,5,8.99
310,Wilmington,US,2021-03-23 17:53:49,34.2257,-77.9447,70.0,64,75,12.66
311,Tilichiki,RU,2021-03-23 17:53:49,60.4667,166.1,11.41,92,100,5.21
312,Kudahuvadhoo,MV,2021-03-23 17:53:49,2.6708,72.8944,82.4,70,39,3.8
313,Altay,CN,2021-03-23 17:53:49,47.8667,88.1167,41.0,56,100,7.05
314,Bengkulu,ID,2021-03-23 17:53:50,-3.8004,102.2655,75.29,89,100,6.2
315,Blind River,CA,2021-03-23 17:53:50,46.1834,-82.9582,57.2,43,75,9.22
316,Yining,CN,2021-03-23 17:53:50,29.0361,114.5636,51.46,79,100,2.33
317,Poum,NC,2021-03-23 17:53:50,-20.2333,164.0167,78.15,75,86,14.97
318,Lata,PT,2021-03-23 17:53:51,40.1629,-8.3327,60.01,78,0,5.01
319,Salinopolis,BR,2021-03-23 17:50:21,-0.6136,-47.3561,81.21,82,48,7.78
320,Saldanha,ZA,2021-03-23 17:53:51,-33.0117,17.9442,89.6,20,7,8.05
321,Pevek,RU,2021-03-23 17:53:51,69.7008,170.3133,2.86,80,100,5.93
322,Namibe,AO,2021-03-23 17:53:51,-15.1961,12.1522,74.16,79,95,5.86
323,Dzhalil,RU,2021-03-23 17:53:52,55.0239,52.7358,28.09,94,100,11.14
324,Phan Thiet,VN,2021-03-23 17:53:52,10.9333,108.1,77.47,76,90,8.1
325,Virginia Beach,US,2021-03-23 17:51:50,36.8529,-75.978,57.99,72,90,18.41
326,Chaoyang,CN,2021-03-23 17:50:15,41.5703,120.4586,47.77,41,99,5.01
327,Basco,PH,2021-03-23 17:53:52,20.4487,121.9702,74.26,76,100,18.63
328,Yulara,AU,2021-03-23 17:53:53,-25.2406,130.9889,69.8,88,51,4.61
329,Amapa,BR,2021-03-23 17:53:53,1.0,-52.0,80.74,88,71,3.49
330,Gizo,SB,2021-03-23 17:53:53,-8.103,156.8419,81.68,78,87,6.33
331,Pringsewu,ID,2021-03-23 17:53:53,-5.3582,104.9744,74.59,96,100,3.09
332,Malvern,US,2021-03-23 17:53:54,34.3623,-92.813,68.0,63,75,9.22
333,Kavieng,PG,2021-03-23 17:53:54,-2.5744,150.7967,80.64,78,94,9.64
334,Torbay,CA,2021-03-23 17:53:54,47.6666,-52.7314,57.2,26,1,25.32
335,Suluq,LY,2021-03-23 17:53:54,31.6682,20.2521,57.07,55,25,24.05
336,Broome,US,2021-03-23 17:53:55,42.2506,-75.833,64.0,25,1,8.05
337,Esso,RU,2021-03-23 17:53:55,55.9333,158.7,-3.71,94,41,6.98
338,Provideniya,RU,2021-03-23 17:53:55,64.3833,-173.3,13.93,95,100,11.56
339,Loandjili,CG,2021-03-23 17:53:55,-4.7561,11.8578,84.2,79,20,8.05
340,Dingle,PH,2021-03-23 17:53:56,10.9995,122.6711,76.05,88,75,7.99
341,Arras,FR,2021-03-23 17:53:56,50.293,2.7819,52.0,74,90,1.01
342,Mar Del Plata,AR,2021-03-23 17:49:12,-38.0023,-57.5575,73.4,60,40,8.05
343,Palmeira,BR,2021-03-23 17:53:56,-25.4294,-50.0064,77.7,70,70,4.03
344,Suda,RU,2021-03-23 17:53:56,59.1525,37.5582,24.8,68,0,2.24
345,Laurel,US,2021-03-23 17:52:10,39.0993,-76.8483,66.0,45,40,11.5
346,Srednekolymsk,RU,2021-03-23 17:53:57,67.45,153.6833,-1.46,97,100,10.42
347,Marrakesh,MA,2021-03-23 17:53:21,31.6315,-8.0083,77.0,20,20,3.44
348,Hofn,IS,2021-03-23 17:53:57,64.2539,-15.2082,38.98,45,100,6.69
349,Maningrida,AU,2021-03-23 17:53:57,-12.0667,134.2667,77.81,88,96,4.45
350,Wamba,NG,2021-03-23 17:53:58,8.9333,8.6,84.94,49,39,2.53
351,Touros,BR,2021-03-23 17:53:58,-5.1989,-35.4608,87.8,55,40,16.11
352,Vrede,ZA,2021-03-23 17:53:58,-27.4257,29.1659,61.59,51,79,6.2
353,Beringovskiy,RU,2021-03-23 17:53:58,63.05,179.3167,27.52,86,86,13.98
354,Ahipara,NZ,2021-03-23 17:53:59,-35.1667,173.1667,56.43,87,0,3.65
355,Jawhar,SO,2021-03-23 17:53:59,2.7809,45.5005,78.6,69,6,16.02
356,Kysyl-Syr,RU,2021-03-23 17:53:59,63.8986,122.7617,-30.68,100,80,3.74
357,Kloulklubed,PW,2021-03-23 17:53:59,7.0419,134.2556,78.8,83,75,8.05
358,Maryborough,AU,2021-03-23 17:54:00,-25.5333,152.7,78.01,92,97,5.01
359,Niquelandia,BR,2021-03-23 17:54:00,-14.4739,-48.4597,84.74,51,93,4.76
360,Kokomo,US,2021-03-23 17:54:00,40.4864,-86.1336,66.2,42,75,11.5
361,Makaha,US,2021-03-23 17:54:00,21.4694,-158.2175,69.8,100,40,4.61
362,Waingapu,ID,2021-03-23 17:54:01,-9.6567,120.2641,78.19,84,95,5.03
363,Georgetown,MY,2021-03-23 17:54:01,5.4112,100.3354,78.8,94,20,1.14
364,Tatarskaya Kargala,RU,2021-03-23 17:54:02,51.9495,55.1731,24.8,93,40,6.71
365,Flic En Flac,MU,2021-03-23 17:54:02,-20.2742,57.3631,81.0,89,75,6.91
366,Kurtamysh,RU,2021-03-23 17:54:02,54.9103,64.4319,15.87,96,50,7.67
367,Tautira,PF,2021-03-23 17:54:02,-17.7333,-149.15,82.4,78,40,1.14
368,Coihaique,CL,2021-03-23 17:54:03,-45.5752,-72.0662,53.6,54,75,11.5
369,Kenora,CA,2021-03-23 17:54:03,49.8167,-94.4337,44.6,29,75,6.91
370,Okha,RU,2021-03-23 17:54:03,53.5739,142.9478,-4.97,73,49,17.94
371,Egvekinot,RU,2021-03-23 17:54:03,66.3167,-179.1667,7.47,95,100,10.29
372,Kahului,US,2021-03-23 17:54:04,20.8947,-156.47,72.0,100,1,4.61
373,Coro,VE,2021-03-23 17:54:04,11.4045,-69.6734,83.61,66,98,18.43
374,Sabang,ID,2021-03-23 17:54:04,5.8933,95.3214,83.61,72,52,17.54
375,Umm Kaddadah,SD,2021-03-23 17:54:04,13.6017,26.6876,92.32,15,37,3.24
376,Goya,AR,2021-03-23 17:50:58,-29.14,-59.2626,79.41,60,89,4.09
377,Khrebtovaya,RU,2021-03-23 17:54:05,56.7032,104.2494,27.41,96,100,10.65
378,Oktyabrskiy,RU,2021-03-23 17:54:05,54.4815,53.471,29.93,95,100,9.42
379,Klaksvik,FO,2021-03-23 17:54:05,62.2266,-6.589,46.4,81,40,31.07
380,Bannu,PK,2021-03-23 17:54:05,32.9854,70.6027,56.08,77,96,2.06
381,Roebourne,AU,2021-03-23 17:54:06,-20.7833,117.1333,81.88,64,41,8.12
382,Ixtapa,MX,2021-03-23 17:54:06,20.7,-105.2,75.2,53,1,4.61
383,Douglas,US,2021-03-23 17:54:06,41.3,-96.167,51.01,93,90,16.11
384,Kingman,US,2021-03-23 17:54:06,35.1894,-114.053,46.4,66,75,8.05
385,Mildura,AU,2021-03-23 17:54:07,-34.2,142.15,61.0,82,75,5.75
386,Constitucion,CL,2021-03-23 17:54:07,-35.3333,-72.4167,68.07,55,5,13.6
387,Hamilton,US,2021-03-23 17:52:31,39.1834,-84.5333,66.99,42,75,8.05
388,Marawi,PH,2021-03-23 17:54:07,7.9986,124.2928,77.0,90,40,4.0
389,Barentu,ER,2021-03-23 17:54:07,15.1139,37.5928,87.37,14,3,9.57
390,Port Hardy,CA,2021-03-23 17:54:08,50.6996,-127.4199,42.8,81,90,5.75
391,Yerbogachen,RU,2021-03-23 17:54:08,61.2767,108.0108,-2.25,100,99,2.42
392,Fare,PF,2021-03-23 17:54:08,-16.7,-151.0167,83.05,74,7,18.92
393,Hami,CN,2021-03-23 17:49:17,42.8,93.45,48.56,28,54,3.44
394,Fairbanks,US,2021-03-23 17:52:59,64.8378,-147.7164,12.2,85,75,2.08
395,Weligama,LK,2021-03-23 17:54:09,5.9667,80.4167,77.29,88,100,8.55
396,Sabzevar,IR,2021-03-23 17:54:09,36.2126,57.6819,63.95,31,25,5.28
397,Malindi,KE,2021-03-23 17:54:09,-3.2175,40.1191,84.2,70,40,9.22
398,Chatra,IN,2021-03-23 17:54:09,24.2167,84.8667,80.6,57,75,5.46
399,Sidi Ali,DZ,2021-03-23 17:54:10,36.0998,0.4206,54.41,53,4,2.48
400,Ketchikan,US,2021-03-23 17:54:10,55.3422,-131.6461,41.0,100,90,17.27
401,Khani,GE,2021-03-23 17:54:10,41.9563,42.9566,57.2,67,90,9.22
402,Ngunguru,NZ,2021-03-23 17:54:10,-35.6167,174.5,55.99,94,37,1.99
403,Great Falls,US,2021-03-23 17:54:11,47.5002,-111.3008,26.6,80,90,13.8
404,Waipawa,NZ,2021-03-23 17:54:11,-41.4122,175.5153,53.6,94,1,6.91
405,Garissa,KE,2021-03-23 17:54:11,-0.4536,39.6401,86.31,52,82,17.78
406,Thongwa,MM,2021-03-23 17:54:11,16.7619,96.5278,82.4,83,2,9.22
407,Koster,ZA,2021-03-23 17:54:12,-25.863,26.8976,59.58,83,100,8.86
408,Evensk,RU,2021-03-23 17:54:12,61.95,159.2333,18.82,95,100,4.68
409,Cuervos,MX,2021-03-23 17:54:12,32.6314,-114.8556,66.0,39,1,16.11
410,Gravdal,NO,2021-03-23 17:54:13,68.1214,13.5031,37.4,87,75,11.5
411,Orlik,RU,2021-03-23 17:54:13,52.5178,99.825,18.46,84,100,3.94
412,Matara,LK,2021-03-23 17:54:13,5.9485,80.5353,77.58,87,100,9.31
413,Aquiraz,BR,2021-03-23 17:54:14,-3.9014,-38.3911,80.6,83,40,9.22
414,Tera,NE,2021-03-23 17:54:14,14.0078,0.7531,96.91,10,99,5.73
415,Codrington,AU,2021-03-23 17:54:14,-38.2667,141.9667,61.14,94,100,16.78
416,Yar-Sale,RU,2021-03-23 17:54:14,66.8333,70.8333,19.17,97,99,8.59
417,Hambantota,LK,2021-03-23 17:54:15,6.1241,81.1185,80.17,78,82,14.52
418,Hefei,CN,2021-03-23 17:54:15,31.8639,117.2808,55.0,66,0,6.71
419,Cabo San Lucas,MX,2021-03-23 17:51:27,22.8909,-109.9124,71.6,60,20,4.61
420,Elizabeth City,US,2021-03-23 17:54:15,36.2946,-76.2511,64.0,72,90,16.11
421,Harer,ET,2021-03-23 17:54:15,9.3094,42.1258,65.23,18,9,4.36
422,Pekan,MY,2021-03-23 17:54:16,3.4836,103.3996,77.0,94,40,3.44
423,Sokolovo,RU,2021-03-23 17:54:16,52.5318,84.7896,30.9,93,100,6.64
424,Salalah,OM,2021-03-23 17:54:16,17.0151,54.0924,80.6,74,0,5.75
425,Tutayev,RU,2021-03-23 17:54:16,57.8853,39.5406,26.6,74,0,4.47
426,Ballina,AU,2021-03-23 17:54:17,-28.8667,153.5667,71.01,100,35,9.31
427,Pemba,MZ,2021-03-23 17:54:17,-12.974,40.5178,84.2,79,75,6.91
428,Derzhavinsk,KZ,2021-03-23 17:54:17,51.1,66.3167,11.73,99,64,9.28
429,Slave Lake,CA,2021-03-23 17:54:17,55.2834,-114.769,17.6,67,75,11.5
430,Susuman,RU,2021-03-23 17:54:18,62.7833,148.1667,-4.76,99,100,3.02
431,Strone,GB,2021-03-23 17:54:18,55.9856,-4.908,50.0,71,90,19.57
432,La Ronge,CA,2021-03-23 17:54:18,55.1001,-105.2842,-0.4,60,11,8.05
433,Port-Gentil,GA,2021-03-23 17:54:19,-0.7193,8.7815,84.2,70,20,10.36
434,Lewisville,US,2021-03-23 17:51:52,33.0462,-96.9942,66.0,45,1,12.66
435,Sinjai,ID,2021-03-23 17:54:19,-5.1241,120.253,75.07,90,100,3.91
436,Birjand,IR,2021-03-23 17:54:19,32.8663,59.2211,59.0,11,75,9.22
437,Banjar,ID,2021-03-23 17:54:19,-8.19,114.9675,80.6,83,40,10.36
438,Richards Bay,ZA,2021-03-23 17:54:20,-28.783,32.0377,68.29,76,59,4.03
439,Krasnovka,RU,2021-03-23 17:54:20,48.8177,40.0923,32.54,97,100,8.59
440,Victor Harbor,AU,2021-03-23 17:54:20,-35.5667,138.6167,66.0,81,81,10.6
441,Panama City,PA,2021-03-23 17:52:13,8.9936,-79.5197,91.0,51,40,4.61
442,Padang,ID,2021-03-23 17:54:20,-0.9492,100.3543,75.2,100,90,1.14
443,Alice Springs,AU,2021-03-23 17:54:21,-23.7,133.8833,68.0,88,90,5.64
444,Pueblo Nuevo,MX,2021-03-23 17:54:21,23.3833,-105.3833,67.19,15,0,8.81
445,Turukhansk,RU,2021-03-23 17:54:21,65.8167,87.9833,7.2,97,100,9.73
446,Gillette,US,2021-03-23 17:54:21,44.2911,-105.5022,39.99,56,90,18.41
447,Wucheng,CN,2021-03-23 17:54:22,29.6008,118.175,50.77,94,100,1.99
448,Huarmey,PE,2021-03-23 17:54:22,-10.0681,-78.1522,76.96,69,97,12.5
449,Stawell,AU,2021-03-23 17:54:22,-37.05,142.7667,61.09,83,59,7.74
450,Kushima,JP,2021-03-23 17:54:22,31.4583,131.2333,46.0,75,7,3.0
451,Sibu,MY,2021-03-23 17:54:23,2.3,111.8167,73.4,100,40,3.44
452,Dhidhdhoo,MV,2021-03-23 17:54:23,6.8833,73.1,83.46,72,79,7.96
453,Mandalgovi,MN,2021-03-23 17:54:23,45.7625,106.2708,34.92,34,0,8.05
454,Luderitz,NA,2021-03-23 17:54:23,-26.6481,15.1594,67.41,75,17,6.89
455,Kibala,TD,2021-03-23 17:54:24,9.1104,18.3463,98.6,32,20,4.38
456,Wuzhou,CN,2021-03-23 17:54:24,23.4833,111.3167,59.18,71,100,1.63
457,Steamboat Springs,US,2021-03-23 17:54:24,40.485,-106.8317,34.0,64,90,4.61
458,Xinyu,CN,2021-03-23 17:54:24,27.8043,114.9334,47.26,80,21,3.47
459,Mahibadhoo,MV,2021-03-23 17:54:25,3.7833,72.9667,82.17,72,42,4.05
460,Barra Do Garcas,BR,2021-03-23 17:54:25,-15.89,-52.2567,86.0,58,75,2.3
461,Goba,ET,2021-03-23 17:54:25,7.0167,39.9833,50.41,44,58,4.76
462,Geraldton,AU,2021-03-23 17:54:25,-28.7667,114.6,62.6,63,0,13.8
463,Deblin,PL,2021-03-23 17:54:26,51.5591,21.8483,41.0,24,96,5.75
464,Ruwi,OM,2021-03-23 17:54:26,23.5996,58.5507,78.8,50,0,3.44
465,Pakxan,LA,2021-03-23 17:54:26,18.3778,103.6601,72.81,61,0,2.06
466,Yuzhou,CN,2021-03-23 17:54:27,34.1628,113.4639,55.4,62,0,8.95
467,Ekhabi,RU,2021-03-23 17:54:27,53.5102,142.9671,-5.26,73,50,17.09
468,Russell,US,2021-03-23 17:54:27,32.3502,-85.1999,69.8,52,40,8.05
469,Gimli,CA,2021-03-23 17:54:27,50.6336,-96.9907,32.0,100,100,16.11
470,Zhangzhou,CN,2021-03-23 17:54:28,24.5133,117.6556,55.4,94,90,4.47
471,Shaoxing,CN,2021-03-23 17:54:28,30.011,120.5715,59.0,55,40,6.71
472,Hokitika,NZ,2021-03-23 17:54:28,-42.7167,170.9667,58.14,83,100,2.84
473,Quatre Cocos,MU,2021-03-23 17:54:28,-20.2078,57.7625,81.0,89,75,6.91
474,Reconquista,AR,2021-03-23 17:54:29,-29.15,-59.65,77.54,62,93,3.89
475,Starosubkhangulovo,RU,2021-03-23 17:54:29,53.1031,57.4423,22.53,98,100,3.24
476,Trat,TH,2021-03-23 17:54:29,12.5,102.5,78.01,99,94,3.15
477,Ostersund,SE,2021-03-23 17:54:30,63.1792,14.6357,44.6,61,0,2.3
478,Horta,PT,2021-03-23 17:54:30,38.5333,-28.6333,59.0,58,40,16.11
479,Port-Cartier,CA,2021-03-23 17:54:30,50.0334,-66.8654,51.8,40,40,10.36
480,Vila,PT,2021-03-23 17:54:30,42.0304,-8.1588,61.0,51,4,8.01
481,Ucluelet,CA,2021-03-23 17:53:20,48.9329,-125.5528,43.0,93,90,2.3
482,Alta Floresta,BR,2021-03-23 17:54:30,-9.8756,-56.0861,87.8,62,40,5.75
483,Winslow,US,2021-03-23 17:50:41,35.0242,-110.6974,43.0,52,90,16.11
484,Nome,US,2021-03-23 17:54:28,64.5011,-165.4064,-0.4,78,90,10.36
485,Grand Gaube,MU,2021-03-23 17:54:31,-20.0064,57.6608,81.0,83,7,1.99
486,Veraval,IN,2021-03-23 17:54:31,20.9,70.3667,78.01,75,0,8.46
487,Maine-Soroa,NE,2021-03-23 17:54:31,13.2114,12.0241,93.58,8,29,9.78
488,Sur,OM,2021-03-23 17:54:32,22.5667,59.5289,78.76,47,0,12.12
489,Mackay,AU,2021-03-23 17:54:32,-21.15,149.2,77.0,94,99,4.61
490,Ilhabela,BR,2021-03-23 17:54:32,-23.7781,-45.3581,82.44,72,9,4.81
491,Show Low,US,2021-03-23 17:54:32,34.2542,-110.0298,42.8,26,75,17.27
492,Champerico,GT,2021-03-23 17:54:33,14.3,-91.9167,86.0,66,40,10.02
493,Kirkwall,GB,2021-03-23 17:54:33,58.9848,-2.9587,50.0,66,75,23.02
494,Skibbereen,IE,2021-03-23 17:54:33,51.55,-9.2667,48.2,100,75,12.66
495,Afua,BR,2021-03-23 17:54:33,-0.1567,-50.3867,82.36,79,79,5.12
496,Adrar,MR,2021-03-23 17:54:33,20.5022,-10.0711,88.09,10,1,4.36
497,Vagur,FO,2021-03-23 17:54:34,61.4732,-6.8119,45.77,79,100,46.71
498,Shemursha,RU,2021-03-23 17:54:34,54.8866,47.5189,28.54,96,100,2.8
499,Kenai,US,2021-03-23 17:54:34,60.5544,-151.2583,6.8,85,20,2.48
500,Palmer,US,2021-03-23 17:52:50,42.1584,-72.3287,66.0,16,20,4.61
501,Margate,GB,2021-03-23 17:54:35,51.3813,1.3862,51.01,63,35,4.0
502,Tambura,SS,2021-03-23 17:54:35,5.6,27.4667,74.53,80,100,2.15
503,Sao Joao Da Barra,BR,2021-03-23 17:54:35,-21.6403,-41.0511,87.8,55,40,9.22
504,Praia Da Vitoria,PT,2021-03-23 17:54:35,38.7333,-27.0667,59.0,63,40,14.61
505,Paisley,GB,2021-03-23 17:54:36,55.8317,-4.4325,50.0,71,90,19.57
506,Lujiang,CN,2021-03-23 17:54:36,31.2581,117.2817,55.0,66,0,6.71
507,Kashi,CN,2021-03-23 17:54:36,39.4547,75.9797,48.2,46,95,2.24
508,Guadalajara,MX,2021-03-23 17:50:49,20.6667,-103.3333,77.0,9,1,6.91
509,Birzai,LT,2021-03-23 17:54:37,56.2,24.75,31.06,84,31,4.21
510,Uwajima,JP,2021-03-23 17:54:37,33.2238,132.56,46.11,69,0,6.29
511,Bogale,MM,2021-03-23 17:54:37,16.2833,95.4,80.55,74,49,7.58
512,Lichuan,CN,2021-03-23 17:54:37,30.3,108.85,40.28,91,12,1.81
513,Ostrovnoy,RU,2021-03-23 17:54:37,68.0531,39.5131,30.87,87,89,19.26
514,Vila Franca Do Campo,PT,2021-03-23 17:54:38,37.7167,-25.4333,55.4,88,40,17.27
515,Ponta Do Sol,PT,2021-03-23 17:54:38,32.6667,-17.1,62.6,59,40,9.22
516,Maglavit,RO,2021-03-23 17:54:38,44.0333,23.1,40.19,63,34,11.48
517,Bhinga,IN,2021-03-23 17:54:38,27.7167,81.9333,77.0,62,26,1.01
518,Markova,UA,2021-03-23 17:54:39,48.6758,24.4138,32.0,86,75,4.47
519,Mayumba,GA,2021-03-23 17:54:39,-3.432,10.6554,78.91,80,100,4.34
520,Cacador,BR,2021-03-23 17:54:40,-26.7753,-51.015,74.68,84,100,3.36
521,Assiniboia,CA,2021-03-23 17:54:40,49.6334,-105.9845,24.8,86,95,16.11
522,Greytown,ZA,2021-03-23 17:54:40,-29.0642,30.5928,56.91,93,68,3.47
523,Moron,AR,2021-03-23 17:50:39,-34.6534,-58.6198,82.0,48,0,1.01
524,Lagos,NG,2021-03-23 17:53:18,6.5833,3.75,73.4,94,40,3.44
525,Soe,ID,2021-03-23 17:54:40,-9.8607,124.284,65.73,93,96,2.68
526,Talara,PE,2021-03-23 17:54:41,-4.5772,-81.2719,91.4,46,0,12.66
527,Itarema,BR,2021-03-23 17:54:41,-2.9248,-39.9167,83.23,69,38,10.02
528,Lumby,CA,2021-03-23 17:54:41,50.2498,-118.969,42.01,60,28,5.75
529,Pemberton,CA,2021-03-23 17:54:41,50.3164,-122.8027,39.99,86,40,2.3
530,Senno,RU,2021-03-23 17:54:42,59.5336,33.9167,27.0,67,72,3.0
531,Sobolevo,RU,2021-03-23 17:54:42,54.4299,31.8996,19.2,93,78,4.94
532,Enniskerry,IE,2021-03-23 17:54:42,53.1925,-6.1692,53.01,79,93,1.99
533,Plettenberg Bay,ZA,2021-03-23 17:54:43,-34.0527,23.3716,66.54,87,0,12.68
534,Bandarbeyla,SO,2021-03-23 17:54:43,9.4942,50.8122,78.57,60,1,9.4
535,Ust-Kuyga,RU,2021-03-23 17:54:43,70.0167,135.6,-17.82,96,100,5.48
536,Atar,MR,2021-03-23 17:54:43,20.5169,-13.0499,92.53,9,7,11.32
537,Arrifes,PT,2021-03-23 17:54:44,37.7667,-25.7,55.4,88,40,17.27
538,Vavoua,CI,2021-03-23 17:54:44,7.3819,-6.4778,85.37,62,59,3.2
539,Ust-Tsilma,RU,2021-03-23 17:54:44,65.441,52.1498,17.89,95,97,5.97
540,Makakilo City,US,2021-03-23 17:54:44,21.3469,-158.0858,69.8,94,40,5.75
541,Edmundston,CA,2021-03-23 17:53:16,47.3737,-68.3251,59.0,23,40,3.44
542,Kasongo-Lunda,CD,2021-03-23 17:54:45,-6.4667,16.8167,75.67,81,36,0.94
543,Koslan,RU,2021-03-23 17:54:45,63.4564,48.8989,22.73,90,83,8.81
544,Izmalkovo,RU,2021-03-23 17:54:45,52.6887,37.964,29.37,88,100,13.69
545,Green Valley,US,2021-03-23 17:54:45,31.8543,-110.9937,69.01,12,0,7.0
546,Haines Junction,CA,2021-03-23 17:54:46,60.7522,-137.5108,15.8,67,100,2.04
547,Naryan-Mar,RU,2021-03-23 17:54:46,67.6713,53.087,18.91,90,72,13.24
548,Falam,MM,2021-03-23 17:54:46,22.9167,93.6833,59.79,30,0,3.87
549,Te Anau,NZ,2021-03-23 17:54:47,-45.4167,167.7167,52.56,94,98,3.04
550,Blyznyuky,UA,2021-03-23 17:54:47,48.8578,36.5551,31.93,85,97,9.1
551,Dawei,MM,2021-03-23 17:54:47,14.0833,98.2,77.2,76,17,3.53
552,Porto Novo,BJ,2021-03-23 17:51:30,6.4965,2.6036,75.2,88,20,10.36
553,Samarai,PG,2021-03-23 17:54:47,-10.6167,150.6667,81.79,80,100,8.86
554,Toora-Khem,RU,2021-03-23 17:54:48,52.4675,96.11,18.61,96,90,1.54
555,Waddan,LY,2021-03-23 17:54:48,29.1614,16.139,60.75,25,5,17.05
556,Basoko,CD,2021-03-23 17:54:48,1.2391,23.616,77.41,72,74,3.09
557,Karratha,AU,2021-03-23 17:54:48,-20.7377,116.8463,81.86,66,45,8.23
558,Tabas,IR,2021-03-23 17:54:49,33.5959,56.9244,72.43,13,86,3.22
559,Muhos,FI,2021-03-23 17:54:49,64.808,25.9931,39.2,70,0,10.36
560,Kawalu,ID,2021-03-23 17:54:49,-7.3817,108.2082,73.87,97,100,0.47
561,Batagay,RU,2021-03-23 17:54:49,67.6333,134.6333,-15.72,98,100,3.62
562,Gat,IL,2021-03-23 17:54:50,31.61,34.7642,66.99,100,98,1.01
563,Cap Malheureux,MU,2021-03-23 17:54:50,-19.9842,57.6142,81.0,83,8,1.99
564,Tocopilla,CL,2021-03-23 17:54:50,-22.092,-70.1979,72.64,70,85,8.43
565,Upata,VE,2021-03-23 17:54:50,8.0086,-62.3989,84.85,52,99,7.76
566,Goderich,CA,2021-03-23 17:54:50,43.7501,-81.7165,62.6,20,100,10.36
