City_ID,City,Country,Lat,Lng,Max Temp,Humidity,Cloudiness,Wind Speed,Current Description,Date
0,Maceio,BR,-9.6658,-35.7353,82.4,65,75,11.5,broken clouds,2021-03-25 19:13:48
1,Clyde River,CA,70.4692,-68.5914,-4.0,84,75,12.66,snow,2021-03-25 19:14:20
2,Klaksvik,FO,62.2266,-6.589,44.6,87,90,12.66,overcast clouds,2021-03-25 19:06:08
3,Chuy,UY,-33.6971,-53.4616,74.14,81,100,11.48,moderate rain,2021-03-25 19:14:20
4,Busselton,AU,-33.65,115.3333,51.01,93,25,8.08,scattered clouds,2021-03-25 19:14:20
5,Thompson,CA,55.7435,-97.8558,6.8,66,90,6.91,overcast clouds,2021-03-25 19:14:20
6,Albany,US,42.6001,-73.9662,70.0,72,49,1.99,scattered clouds,2021-03-25 19:15:50
7,Port Alfred,ZA,-33.5906,26.891,70.47,83,62,15.95,broken clouds,2021-03-25 19:15:51
8,Ushuaia,AR,-54.8,-68.3,53.6,54,40,25.32,light rain,2021-03-25 19:15:51
9,Medzev,SK,48.7004,20.8937,43.0,61,40,5.75,scattered clouds,2021-03-25 19:14:21
10,Manbij,SY,36.5281,37.9549,42.8,81,75,4.61,light rain,2021-03-25 19:14:21
11,Dingle,PH,10.9995,122.6711,74.82,92,100,7.31,overcast clouds,2021-03-25 19:15:51
12,Hilo,US,19.7297,-155.09,77.0,73,75,4.61,broken clouds,2021-03-25 19:12:09
13,Hermanus,ZA,-34.4187,19.2345,71.01,76,84,1.99,broken clouds,2021-03-25 19:15:52
14,Mar Del Plata,AR,-38.0023,-57.5575,71.01,94,90,14.97,light rain,2021-03-25 19:15:00
15,Kapaa,US,22.0752,-159.319,73.4,83,20,3.44,few clouds,2021-03-25 19:15:52
16,Nakhon Phanom,TH,17.3333,104.4167,75.45,73,50,6.82,scattered clouds,2021-03-25 19:15:52
17,Saldanha,ZA,-33.0117,17.9442,69.8,73,54,2.3,broken clouds,2021-03-25 19:15:52
18,Vao,NC,-22.6667,167.4833,77.09,69,31,15.48,scattered clouds,2021-03-25 19:06:00
19,Colares,PT,38.7992,-9.4469,57.99,76,20,13.8,few clouds,2021-03-25 19:15:53
20,Kaitangata,NZ,-46.2817,169.8464,50.47,90,100,4.07,overcast clouds,2021-03-25 19:15:53
21,Atuona,PF,-9.8,-139.0333,80.37,77,40,21.25,scattered clouds,2021-03-25 19:15:53
22,Bredasdorp,ZA,-34.5322,20.0403,64.4,88,22,4.61,few clouds,2021-03-25 19:15:53
23,Luderitz,NA,-26.6481,15.1594,63.86,91,4,5.66,clear sky,2021-03-25 19:15:54
24,Suhbaatar,MN,50.2314,106.2078,27.63,95,100,3.06,overcast clouds,2021-03-25 19:15:54
25,Hithadhoo,MV,-0.6,73.0833,82.67,73,14,10.11,few clouds,2021-03-25 19:15:54
26,Mataura,NZ,-46.1927,168.8643,50.0,97,40,1.01,scattered clouds,2021-03-25 19:15:54
27,Bandarbeyla,SO,9.4942,50.8122,78.39,66,6,10.78,clear sky,2021-03-25 19:15:55
28,Geraldton,AU,-28.7667,114.6,59.0,82,0,9.22,clear sky,2021-03-25 19:15:55
29,Blytheville,US,35.9273,-89.919,68.0,77,40,12.66,scattered clouds,2021-03-25 19:15:55
30,Cape Town,ZA,-33.9258,18.4232,69.01,73,0,8.05,clear sky,2021-03-25 19:12:03
31,Vaini,TO,-21.2,-175.2,75.2,100,75,2.3,light rain,2021-03-25 19:15:55
32,Healdsburg,US,38.6105,-122.8692,62.01,47,20,11.5,few clouds,2021-03-25 19:15:56
33,Faanui,PF,-16.4833,-151.75,83.43,70,94,21.23,overcast clouds,2021-03-25 19:15:56
34,East London,ZA,-33.0153,27.9116,68.0,94,40,5.75,scattered clouds,2021-03-25 19:15:16
35,Lebu,CL,-37.6167,-73.65,58.96,63,0,17.0,clear sky,2021-03-25 19:15:57
36,Catuday,PH,16.2923,119.8062,78.49,72,4,11.61,clear sky,2021-03-25 19:15:57
37,Hobart,AU,-42.8794,147.3294,57.2,62,93,10.36,overcast clouds,2021-03-25 19:15:09
38,Kodiak,US,57.79,-152.4072,44.6,57,1,4.61,clear sky,2021-03-25 19:15:57
39,Kavieng,PG,-2.5744,150.7967,82.58,76,97,12.97,overcast clouds,2021-03-25 19:15:57
40,Lorengau,PG,-2.0226,147.2712,80.04,83,97,6.22,overcast clouds,2021-03-25 19:15:58
41,Rikitea,PF,-23.1203,-134.9692,79.86,71,7,17.47,clear sky,2021-03-25 19:12:59
42,Vakhrushev,RU,48.9833,142.9667,18.91,82,64,6.33,broken clouds,2021-03-25 19:15:58
43,Puerto Ayora,EC,-0.7393,-90.3518,84.2,74,40,13.8,light rain,2021-03-25 19:15:58
44,Oeiras,BR,-7.0253,-42.1311,84.92,60,100,4.65,light rain,2021-03-25 19:14:13
45,Ponta Do Sol,PT,32.6667,-17.1,66.99,82,40,8.05,scattered clouds,2021-03-25 19:15:58
46,Cabo San Lucas,MX,22.8909,-109.9124,71.01,68,1,8.05,clear sky,2021-03-25 19:13:15
47,Saint George,US,37.1041,-113.5841,60.01,18,40,18.41,scattered clouds,2021-03-25 19:15:59
48,Akom,CM,2.6678,12.7109,68.25,98,99,3.11,moderate rain,2021-03-25 19:15:59
49,Provideniya,RU,64.3833,-173.3,4.95,97,99,3.11,overcast clouds,2021-03-25 19:15:59
50,Foix,FR,42.8333,1.5833,50.0,21,98,2.84,overcast clouds,2021-03-25 19:15:59
51,Tasiilaq,GL,65.6145,-37.6368,5.0,51,75,10.36,broken clouds,2021-03-25 19:16:00
52,Laguna,US,38.421,-121.4238,60.01,58,20,5.75,few clouds,2021-03-25 19:16:00
53,Mitsamiouli,KM,-11.3847,43.2844,82.76,72,9,3.02,clear sky,2021-03-25 19:16:00
54,Diamantino,BR,-14.4086,-56.4461,86.61,60,68,5.95,broken clouds,2021-03-25 19:16:00
55,Nhulunbuy,AU,-12.2333,136.7667,77.0,94,92,2.48,overcast clouds,2021-03-25 19:16:01
56,Gat,IL,31.61,34.7642,57.99,100,0,4.97,clear sky,2021-03-25 19:16:01
57,Butaritari,KI,3.0707,172.7902,81.19,79,100,12.95,overcast clouds,2021-03-25 19:16:01
58,Marsh Harbour,BS,26.5412,-77.0636,77.61,73,1,12.93,clear sky,2021-03-25 19:16:01
59,Floro,NO,61.5996,5.0328,44.6,76,75,20.71,broken clouds,2021-03-25 19:16:02
60,Hasaki,JP,35.7333,140.8333,42.8,100,90,1.14,fog,2021-03-25 19:16:02
61,Bluff,NZ,-46.6,168.3333,50.0,97,93,1.01,overcast clouds,2021-03-25 19:16:02
62,Codrington,AU,-38.2667,141.9667,51.91,95,53,8.88,broken clouds,2021-03-25 19:16:03
63,Georgetown,MY,5.4112,100.3354,80.01,89,20,2.06,few clouds,2021-03-25 19:16:03
64,Norman Wells,CA,65.282,-126.8329,8.6,66,75,4.61,broken clouds,2021-03-25 19:16:03
65,Auka,HN,14.9333,-83.8333,87.8,62,40,9.22,scattered clouds,2021-03-25 19:16:03
66,Barrow,US,71.2906,-156.7887,-7.6,71,75,13.8,broken clouds,2021-03-25 19:16:04
67,Yulara,AU,-25.2406,130.9889,68.0,68,0,6.33,clear sky,2021-03-25 19:16:04
68,Punta Arenas,CL,-53.15,-70.9167,53.6,54,20,29.93,few clouds,2021-03-25 19:16:04
69,Guhagar,IN,17.4842,73.1929,83.48,29,13,7.05,few clouds,2021-03-25 19:16:05
70,Jamestown,US,42.097,-79.2353,72.0,37,1,9.62,clear sky,2021-03-25 19:16:05
71,Walvis Bay,NA,-22.9575,14.5053,64.0,88,32,5.75,scattered clouds,2021-03-25 19:16:05
72,Vikhorevka,RU,56.1201,101.1636,19.4,79,59,2.24,broken clouds,2021-03-25 19:16:05
73,Chokurdakh,RU,70.6333,147.9167,-31.27,100,98,4.61,overcast clouds,2021-03-25 19:16:06
74,Lindi,TZ,-10.0,39.7167,78.8,94,20,9.22,moderate rain,2021-03-25 19:16:06
75,Belyy Yar,RU,53.6039,91.3903,26.6,86,100,3.83,smoke,2021-03-25 19:16:06
76,Fortuna,US,40.5982,-124.1573,51.01,87,75,14.97,broken clouds,2021-03-25 19:16:06
77,Ribeira Grande,PT,38.5167,-28.7,60.8,59,40,13.8,scattered clouds,2021-03-25 19:16:07
78,Vostok,RU,46.4856,135.8833,17.11,93,96,4.03,overcast clouds,2021-03-25 19:16:07
79,Vila Velha,BR,-20.3297,-40.2925,84.2,70,20,10.36,few clouds,2021-03-25 19:16:07
80,Salalah,OM,17.0151,54.0924,78.8,65,0,2.3,clear sky,2021-03-25 19:16:07
81,Doha,QA,25.2867,51.5333,80.01,61,0,6.91,clear sky,2021-03-25 19:16:07
82,New Norfolk,AU,-42.7826,147.0587,55.99,74,100,1.01,overcast clouds,2021-03-25 19:16:08
83,Te Anau,NZ,-45.4167,167.7167,53.2,85,100,3.42,overcast clouds,2021-03-25 19:16:08
84,Baillif,GP,16.0202,-61.7463,84.2,58,75,14.97,broken clouds,2021-03-25 19:16:08
85,Waipawa,NZ,-41.4122,175.5153,54.0,87,13,5.75,few clouds,2021-03-25 19:06:19
86,Coxim,BR,-18.5067,-54.76,96.04,27,4,7.99,clear sky,2021-03-25 19:16:09
87,Port Elizabeth,ZA,-33.918,25.5701,68.0,88,20,10.36,few clouds,2021-03-25 19:12:19
88,Cidreira,BR,-30.1811,-50.2056,77.32,76,3,19.6,clear sky,2021-03-25 19:16:09
89,Tamiahua,MX,21.2667,-97.45,81.03,64,2,28.1,clear sky,2021-03-25 19:16:09
90,San Luis,AR,-33.295,-66.3356,64.22,84,90,14.14,overcast clouds,2021-03-25 19:16:09
91,Upernavik,GL,72.7868,-56.1549,-16.47,83,59,3.71,broken clouds,2021-03-25 19:16:10
92,Saint Anthony,US,45.0205,-93.218,51.01,53,1,6.91,clear sky,2021-03-25 19:16:10
93,Bilibino,RU,68.0546,166.4372,-26.86,95,90,5.28,overcast clouds,2021-03-25 19:16:10
94,Atagay,RU,55.1033,99.3875,24.73,97,77,3.38,broken clouds,2021-03-25 19:16:10
95,Ilulissat,GL,69.2167,-51.1,-5.8,77,90,3.44,light snow,2021-03-25 19:16:11
96,Esperance,AU,-33.8667,121.9,51.8,87,5,5.75,clear sky,2021-03-25 19:16:11
97,Leningradskiy,RU,69.3833,178.4167,-15.3,99,99,2.3,overcast clouds,2021-03-25 19:16:11
98,Batemans Bay,AU,-35.7167,150.1833,57.0,95,86,1.01,overcast clouds,2021-03-25 19:05:27
99,Tabou,CI,4.423,-7.3528,79.39,82,100,4.16,overcast clouds,2021-03-25 19:16:12
100,Tessalit,ML,20.1986,1.0114,77.05,7,0,9.89,clear sky,2021-03-25 19:16:12
101,Labuhan,ID,-6.8844,112.2051,78.93,84,26,1.23,scattered clouds,2021-03-25 19:16:12
102,Danane,CI,7.2596,-8.155,79.03,68,97,0.87,overcast clouds,2021-03-25 19:16:12
103,Saint-Joseph,RE,-21.3667,55.6167,77.0,83,40,3.44,light rain,2021-03-25 19:16:13
104,Nelson Bay,AU,-32.7167,152.15,60.8,94,90,5.75,mist,2021-03-25 19:16:13
105,Turukhansk,RU,65.8167,87.9833,3.56,98,88,6.62,overcast clouds,2021-03-25 19:16:13
106,Kalaleh,IR,37.3807,55.4916,59.0,82,20,2.84,few clouds,2021-03-25 19:16:13
107,Miquelon,PM,47.0975,-56.3814,42.8,70,75,6.93,broken clouds,2021-03-25 19:16:14
108,Gloversville,US,43.0528,-74.3438,70.0,52,1,6.91,clear sky,2021-03-25 19:13:37
109,Kihei,US,20.785,-156.4656,77.0,94,1,4.61,clear sky,2021-03-25 19:16:14
110,Yar-Sale,RU,66.8333,70.8333,29.66,97,100,17.87,snow,2021-03-25 19:16:14
111,Qaanaaq,GL,77.484,-69.3632,-15.7,63,12,5.88,few clouds,2021-03-25 19:16:15
112,San Policarpo,PH,12.1791,125.5072,79.09,83,100,9.78,overcast clouds,2021-03-25 19:16:15
113,Liuli,TZ,-11.0833,34.6333,76.69,82,67,8.88,light rain,2021-03-25 19:16:15
114,Chapais,CA,49.7834,-74.8492,44.6,93,90,16.11,mist,2021-03-25 19:14:29
115,Avarua,CK,-21.2078,-159.775,82.4,78,20,16.11,few clouds,2021-03-25 19:16:16
116,Ugoofaaru,MV,5.6667,73.0,84.06,70,100,10.54,overcast clouds,2021-03-25 19:16:16
117,Souillac,MU,-20.5167,57.5167,77.0,94,40,3.44,light rain,2021-03-25 19:16:16
118,Carnarvon,AU,-24.8667,113.6333,71.6,73,93,14.97,overcast clouds,2021-03-25 19:16:16
119,Nicoya,CR,10.1483,-85.452,95.0,34,40,16.11,scattered clouds,2021-03-25 19:16:16
120,Kahului,US,20.8947,-156.47,77.0,94,1,4.61,clear sky,2021-03-25 19:11:19
121,River Falls,US,44.8614,-92.6238,52.0,70,90,5.01,overcast clouds,2021-03-25 19:16:17
122,Nizwa,OM,22.9333,57.5333,76.66,31,0,7.78,clear sky,2021-03-25 19:16:17
123,Inuvik,CA,68.3499,-133.7218,17.6,53,100,4.61,overcast clouds,2021-03-25 19:16:17
124,Whitehorse,CA,60.7161,-135.0538,24.01,63,75,13.8,broken clouds,2021-03-25 19:16:17
125,Pevek,RU,69.7008,170.3133,-28.37,100,97,3.87,overcast clouds,2021-03-25 19:16:18
126,Bayir,TR,37.2687,28.2167,41.0,60,20,5.75,few clouds,2021-03-25 19:16:18
127,Torbay,CA,47.6666,-52.7314,45.0,93,90,3.44,light intensity drizzle,2021-03-25 19:16:18
128,Khasan,RU,42.4308,130.6434,35.85,89,15,5.3,few clouds,2021-03-25 19:16:18
129,Svetlogorsk,BY,52.6333,29.7333,33.89,69,5,4.14,clear sky,2021-03-25 19:16:19
130,Bambous Virieux,MU,-20.3428,57.7575,80.01,94,40,3.44,light rain,2021-03-25 19:16:19
131,Marshall,US,34.3834,-86.3333,66.2,94,90,3.44,overcast clouds,2021-03-25 19:16:19
132,Augusto Correa,BR,-1.0217,-46.635,71.69,99,100,1.45,light rain,2021-03-25 19:16:19
133,Iqaluit,CA,63.7506,-68.5145,-18.0,63,1,12.66,clear sky,2021-03-25 19:16:20
134,Westport,US,41.1415,-73.3579,69.01,88,40,8.05,scattered clouds,2021-03-25 19:16:20
135,Neiafu,TO,-18.65,-173.9833,80.6,83,40,2.3,scattered clouds,2021-03-25 19:16:20
136,Catumbela,AO,-12.4314,13.5472,78.69,86,100,7.36,moderate rain,2021-03-25 19:16:21
137,Ghugus,IN,19.9333,79.1333,87.33,20,0,3.13,clear sky,2021-03-25 19:16:21
138,Kharp,RU,66.8014,65.8081,32.95,83,81,15.84,light snow,2021-03-25 19:16:21
139,Port Lincoln,AU,-34.7333,135.8667,59.49,70,100,4.59,overcast clouds,2021-03-25 19:16:22
140,Nizhniy Chir,RU,48.3597,43.0865,32.13,99,100,12.86,snow,2021-03-25 19:16:22
141,Semey,KZ,50.4111,80.2275,30.99,96,100,14.29,light snow,2021-03-25 19:16:22
142,Olinda,BR,-8.0089,-34.8553,80.6,69,40,17.27,scattered clouds,2021-03-25 19:16:22
143,Camacha,PT,33.0833,-16.3333,64.4,82,20,21.85,few clouds,2021-03-25 19:16:23
144,Sao Jose Da Coroa Grande,BR,-8.8978,-35.1478,81.97,70,75,11.41,broken clouds,2021-03-25 19:15:17
145,Porkhov,RU,57.765,29.5561,41.0,87,75,6.71,broken clouds,2021-03-25 19:16:23
146,Magole,TZ,-6.3667,37.3667,80.6,69,20,2.21,light rain,2021-03-25 19:16:23
147,Alice Springs,AU,-23.7,133.8833,64.4,88,89,8.39,overcast clouds,2021-03-25 19:14:02
148,Namatanai,PG,-3.6667,152.4333,79.11,80,98,7.54,overcast clouds,2021-03-25 19:16:24
149,Chifeng,CN,42.2683,118.9636,46.98,36,100,4.68,overcast clouds,2021-03-25 19:16:24
150,Namibe,AO,-15.1961,12.1522,73.6,83,100,5.37,overcast clouds,2021-03-25 19:16:24
151,Ha Tinh,VN,18.3333,105.9,71.15,96,100,2.19,overcast clouds,2021-03-25 19:15:29
152,Kristiinankaupunki,FI,62.2743,21.376,32.5,92,100,8.12,light snow,2021-03-25 19:16:24
153,Meulaboh,ID,4.1363,96.1285,75.11,90,100,1.79,light rain,2021-03-25 19:16:25
154,Snyder,US,32.7179,-100.9176,59.0,36,1,16.11,clear sky,2021-03-25 19:16:25
155,Airai,TL,-8.9266,125.4092,59.67,94,84,2.28,light rain,2021-03-25 19:16:25
156,Hervey Bay,AU,-25.2986,152.8535,68.0,71,0,1.01,clear sky,2021-03-25 19:16:25
157,Necochea,AR,-38.5473,-58.7368,62.01,97,100,8.01,overcast clouds,2021-03-25 19:12:53
158,Vardo,NO,70.3705,31.1107,32.0,86,75,17.27,light snow,2021-03-25 19:15:32
159,Bell Ville,AR,-32.6259,-62.6887,75.0,83,100,4.0,overcast clouds,2021-03-25 19:16:26
160,Longyearbyen,SJ,78.2186,15.6401,23.0,74,90,18.41,snow,2021-03-25 19:12:50
161,Pangnirtung,CA,66.1451,-65.7125,-23.8,57,1,3.44,clear sky,2021-03-25 19:16:26
162,Collie,AU,-33.3667,116.15,51.01,85,50,1.57,scattered clouds,2021-03-25 19:16:26
163,Narsaq,GL,60.9167,-46.05,15.8,27,1,8.05,clear sky,2021-03-25 19:16:26
164,Harper,LR,4.375,-7.7169,79.48,81,100,4.9,overcast clouds,2021-03-25 19:16:27
165,Tuktoyaktuk,CA,69.4541,-133.0374,-5.8,84,75,2.3,broken clouds,2021-03-25 19:16:27
166,Sosnovo,RU,60.5514,30.2144,37.0,96,96,5.99,overcast clouds,2021-03-25 19:16:27
167,Solsona,ES,41.994,1.5171,55.99,66,45,4.0,scattered clouds,2021-03-25 19:16:27
168,Lithgow,AU,-33.4833,150.15,55.99,89,0,3.31,clear sky,2021-03-25 19:16:28
169,Atambua,ID,-9.1061,124.8925,73.78,91,97,3.98,overcast clouds,2021-03-25 19:16:28
170,Victoria,HK,22.2855,114.1577,68.0,78,0,3.0,clear sky,2021-03-25 19:16:28
171,Beringovskiy,RU,63.05,179.3167,-0.33,96,100,2.71,overcast clouds,2021-03-25 19:16:28
172,Townsville,AU,-19.25,146.8,78.8,94,40,8.05,scattered clouds,2021-03-25 19:16:29
173,Cururupu,BR,-1.8283,-44.8683,75.97,94,100,2.17,overcast clouds,2021-03-25 19:16:29
174,Male,MV,4.1748,73.5089,80.6,83,75,8.05,broken clouds,2021-03-25 19:16:29
175,Lengshuitan,CN,26.4111,111.5956,65.3,79,77,2.98,broken clouds,2021-03-25 19:16:30
176,Bethel,US,41.3712,-73.414,73.4,56,1,10.36,clear sky,2021-03-25 19:16:30
177,Ciawi,ID,-7.5117,107.9767,68.74,92,100,1.07,overcast clouds,2021-03-25 19:16:30
178,Porto Walter,BR,-8.2686,-72.7439,85.6,65,88,1.34,overcast clouds,2021-03-25 19:16:30
179,Dikson,RU,73.5069,80.5464,-8.64,99,27,6.91,scattered clouds,2021-03-25 19:16:31
180,Tura,IN,25.5198,90.2201,71.85,23,2,2.13,clear sky,2021-03-25 19:16:31
181,Eenhana,NA,-17.4667,16.3333,76.69,56,100,4.65,overcast clouds,2021-03-25 19:16:31
182,Paamiut,GL,61.994,-49.6678,13.03,71,100,14.7,overcast clouds,2021-03-25 19:16:31
183,Sinnamary,GF,5.3833,-52.95,80.55,77,20,9.86,few clouds,2021-03-25 19:16:32
184,Tiksi,RU,71.6872,128.8694,2.12,86,100,9.35,overcast clouds,2021-03-25 19:16:32
185,Sistranda,NO,63.7256,8.834,42.8,81,75,13.8,broken clouds,2021-03-25 19:16:32
186,Lakes Entrance,AU,-37.8811,147.981,48.99,95,3,6.85,clear sky,2021-03-25 19:16:32
187,Samarai,PG,-10.6167,150.6667,81.88,78,99,8.9,overcast clouds,2021-03-25 19:16:33
188,Srednekolymsk,RU,67.45,153.6833,-20.16,100,100,2.04,overcast clouds,2021-03-25 19:16:33
189,Castro,BR,-24.7911,-50.0119,76.68,72,93,4.21,overcast clouds,2021-03-25 19:16:33
190,Chara,RU,56.9064,118.2631,10.24,78,98,2.37,overcast clouds,2021-03-25 19:16:33
191,Husum,DE,54.4858,9.0524,50.0,76,75,2.3,broken clouds,2021-03-25 19:16:34
192,Imbituba,BR,-28.24,-48.6703,80.6,69,40,9.22,scattered clouds,2021-03-25 19:16:34
193,Bairiki,KI,1.3292,172.9752,78.8,89,75,9.22,broken clouds,2021-03-25 19:16:34
194,Champerico,GT,14.3,-91.9167,91.4,58,40,6.91,scattered clouds,2021-03-25 19:16:34
195,Binabalian,PH,16.4202,119.9279,80.87,74,4,17.29,clear sky,2021-03-25 19:16:35
196,Asau,RO,46.4333,26.4,37.99,36,100,4.18,overcast clouds,2021-03-25 19:16:35
197,Guisa,CU,20.255,-76.5386,91.4,35,40,5.75,scattered clouds,2021-03-25 19:16:35
198,Sioux Lookout,CA,50.1001,-91.917,32.0,47,40,10.36,scattered clouds,2021-03-25 19:16:35
199,Bonthe,SL,7.5264,-12.505,79.86,77,12,8.75,few clouds,2021-03-25 19:16:36
200,Lulindi,TZ,-10.8167,39.1333,70.61,95,75,2.89,broken clouds,2021-03-25 19:16:36
201,Winnemucca,US,40.973,-117.7357,37.4,70,90,8.05,overcast clouds,2021-03-25 19:12:10
202,Kruisfontein,ZA,-34.0033,24.7314,69.01,82,11,4.0,few clouds,2021-03-25 19:16:36
203,Ostrovnoy,RU,68.0531,39.5131,34.47,86,100,18.5,overcast clouds,2021-03-25 19:16:37
204,Bullhead City,US,35.1478,-114.5683,64.99,16,90,23.02,overcast clouds,2021-03-25 19:14:14
205,Takoradi,GH,4.8845,-1.7554,80.91,78,99,8.05,overcast clouds,2021-03-25 19:16:37
206,Barcelos,PT,41.5388,-8.6151,53.6,76,40,8.05,scattered clouds,2021-03-25 19:16:37
207,Saskylakh,RU,71.9167,114.0833,-19.62,100,100,4.5,overcast clouds,2021-03-25 19:16:37
208,Khatanga,RU,71.9667,102.5,-11.36,97,99,3.11,overcast clouds,2021-03-25 19:16:38
209,Samokov,BG,42.3333,23.55,34.0,90,100,3.0,overcast clouds,2021-03-25 19:16:38
210,Yellowknife,CA,62.456,-114.3525,6.01,60,75,4.61,broken clouds,2021-03-25 19:14:05
211,Gazojak,TM,41.1875,61.4036,62.4,61,98,10.76,overcast clouds,2021-03-25 19:16:38
212,Kamenka,RU,51.3223,42.7678,30.99,83,84,9.93,broken clouds,2021-03-25 19:16:39
213,Horve,DK,55.7529,11.453,45.0,85,93,5.01,overcast clouds,2021-03-25 19:16:39
214,Balkhash,KZ,46.844,74.9804,40.78,71,100,13.4,overcast clouds,2021-03-25 19:16:39
215,Gorin,RU,51.1983,136.6669,23.29,96,100,3.76,light snow,2021-03-25 19:16:39
216,Parry Sound,CA,45.3501,-80.033,44.01,81,100,9.33,overcast clouds,2021-03-25 19:14:04
217,Sitka,US,57.0531,-135.33,39.2,81,90,4.61,light snow,2021-03-25 19:16:40
218,Beloha,MG,-25.1667,45.05,71.92,79,0,11.59,clear sky,2021-03-25 19:16:40
219,Marawi,PH,7.9986,124.2928,73.99,92,8,7.0,clear sky,2021-03-25 19:16:40
220,Novopokrovka,UA,49.8425,36.5477,39.2,70,0,8.95,clear sky,2021-03-25 19:16:40
221,Ushibuka,JP,32.1906,130.0228,56.28,67,10,6.44,clear sky,2021-03-25 19:16:41
222,Severodvinsk,RU,64.5635,39.8302,39.2,65,0,11.18,clear sky,2021-03-25 19:16:41
223,Saint-Philippe,RE,-21.3585,55.7679,77.0,83,40,3.44,light rain,2021-03-25 19:16:41
224,Sambava,MG,-14.2667,50.1667,79.57,83,100,2.75,overcast clouds,2021-03-25 19:16:41
225,Caravelas,BR,-17.7125,-39.2481,82.2,64,0,8.46,clear sky,2021-03-25 19:16:42
226,Calama,CL,-22.4667,-68.9333,77.0,13,0,23.02,clear sky,2021-03-25 19:16:42
227,Alugan,PH,12.2188,125.4808,78.35,84,100,9.01,overcast clouds,2021-03-25 19:16:42
228,Ha Giang,VN,22.8333,104.9833,68.09,96,95,0.98,overcast clouds,2021-03-25 19:16:42
229,Arraial Do Cabo,BR,-22.9661,-42.0278,86.0,61,0,8.05,clear sky,2021-03-25 19:16:43
230,Huarmey,PE,-10.0681,-78.1522,75.85,71,100,12.64,overcast clouds,2021-03-25 19:16:43
231,Zonguldak,TR,41.25,31.8333,30.51,96,100,4.59,snow,2021-03-25 19:16:43
232,Mayo,US,38.8876,-76.5119,66.0,100,90,3.44,mist,2021-03-25 19:16:43
233,Vestmannaeyjar,IS,63.4427,-20.2734,38.64,61,100,9.84,overcast clouds,2021-03-25 19:16:44
234,Gay,RU,51.4666,58.4552,19.4,86,0,6.71,clear sky,2021-03-25 19:16:44
235,Oriximina,BR,-1.7656,-55.8661,82.27,70,88,1.03,overcast clouds,2021-03-25 19:16:44
236,Naze,JP,28.3667,129.4833,62.28,71,18,10.22,few clouds,2021-03-25 19:16:45
237,Bonavista,CA,48.6499,-53.1147,53.6,50,100,5.75,overcast clouds,2021-03-25 19:16:45
238,Lockhart,US,28.6194,-81.4426,91.0,42,20,13.8,few clouds,2021-03-25 19:16:45
239,Manokwari,ID,-0.8667,134.0833,78.06,85,100,3.87,overcast clouds,2021-03-25 19:16:45
240,Yangliuqing,CN,39.1375,116.9997,53.6,76,100,2.24,light rain,2021-03-25 19:16:46
241,Sisimiut,GL,66.9395,-53.6735,-3.03,90,100,11.97,overcast clouds,2021-03-25 19:16:46
242,Asyut,EG,27.181,31.1837,62.6,42,0,11.5,clear sky,2021-03-25 19:12:04
243,Axim,GH,4.8699,-2.2405,80.37,80,89,7.47,overcast clouds,2021-03-25 19:16:46
244,Coahuayana,MX,18.7333,-103.6833,82.4,26,75,11.5,broken clouds,2021-03-25 19:16:46
245,Madang,PG,-5.2246,145.7966,75.54,92,100,2.71,overcast clouds,2021-03-25 19:16:47
246,Vilcun,CL,-38.65,-72.2333,66.2,55,0,8.05,clear sky,2021-03-25 19:16:47
247,Ulaanbaatar,MN,47.9077,106.8832,26.6,74,0,2.24,clear sky,2021-03-25 19:16:47
248,Baherden,TM,38.4362,57.4316,65.37,63,0,7.25,clear sky,2021-03-25 19:16:47
249,Ballina,AU,-28.8667,153.5667,62.6,88,0,3.44,clear sky,2021-03-25 19:16:48
250,Constitucion,CL,-35.3333,-72.4167,62.8,56,0,15.86,clear sky,2021-03-25 19:16:48
251,Jalu,LY,29.0331,21.5482,57.51,49,66,7.47,broken clouds,2021-03-25 19:16:48
252,Okha,RU,53.5739,142.9478,6.33,89,100,2.75,overcast clouds,2021-03-25 19:16:48
253,Shumikha,RU,55.2261,63.2961,20.32,92,6,8.5,clear sky,2021-03-25 19:16:49
254,Ranong,TH,9.9658,98.6348,76.86,88,100,3.58,overcast clouds,2021-03-25 19:16:49
255,Jacqueville,CI,5.2052,-4.4146,82.4,78,0,3.44,clear sky,2021-03-25 19:16:49
256,Cherskiy,RU,68.75,161.3,-26.25,97,100,3.62,overcast clouds,2021-03-25 19:16:49
257,Ipswich,GB,52.0592,1.1555,50.0,81,20,13.8,few clouds,2021-03-25 19:16:50
258,Kununurra,AU,-15.7667,128.7333,77.0,100,100,3.18,overcast clouds,2021-03-25 19:16:50
259,Kenai,US,60.5544,-151.2583,30.2,93,90,6.91,overcast clouds,2021-03-25 19:16:50
260,Angoche,MZ,-16.2325,39.9086,77.31,82,17,5.06,few clouds,2021-03-25 19:16:51
261,Yazoo City,US,32.8551,-90.4056,80.6,83,40,13.8,scattered clouds,2021-03-25 19:13:11
262,Zverinogolovskoye,RU,54.4586,64.8542,10.56,99,83,6.08,broken clouds,2021-03-25 19:16:51
263,Vallenar,CL,-28.5708,-70.7581,82.8,29,0,9.73,clear sky,2021-03-25 19:16:51
264,Derzhavinsk,KZ,51.1,66.3167,12.76,97,65,11.41,broken clouds,2021-03-25 19:16:51
265,Bubaque,GW,11.2833,-15.8333,77.47,75,0,18.25,clear sky,2021-03-25 19:16:52
266,Teyateyaneng,LS,-29.1472,27.7489,51.46,92,66,3.62,light rain,2021-03-25 19:16:52
267,Da Nang,VN,16.0678,108.2208,77.0,88,75,2.3,broken clouds,2021-03-25 19:16:52
268,Chumikan,RU,54.7183,135.315,5.68,93,100,4.99,overcast clouds,2021-03-25 19:16:53
269,Kotovo,RU,50.3211,44.8012,30.31,85,99,15.86,overcast clouds,2021-03-25 19:16:53
270,Torrington,US,41.8007,-73.1212,73.0,64,18,5.01,few clouds,2021-03-25 19:16:53
271,Alanya,TR,36.5438,31.9998,53.6,50,75,16.11,light rain,2021-03-25 19:16:53
272,La Ligua,CL,-32.4524,-71.2311,66.2,59,0,12.66,clear sky,2021-03-25 19:16:54
273,Nome,US,64.5011,-165.4064,12.2,79,40,12.66,scattered clouds,2021-03-25 19:16:54
274,Houma,US,29.5958,-90.7195,77.0,88,90,17.27,mist,2021-03-25 19:16:54
275,Mogadishu,SO,2.0371,45.3438,80.06,70,77,16.51,broken clouds,2021-03-25 19:16:54
276,Lagoa,PT,39.05,-27.9833,56.93,64,0,13.56,clear sky,2021-03-25 19:16:55
277,Lompoc,US,34.6391,-120.4579,55.4,76,90,14.97,overcast clouds,2021-03-25 19:16:55
278,Raudeberg,NO,61.9875,5.1352,44.01,80,83,18.43,broken clouds,2021-03-25 19:16:55
279,Alice Town,BS,25.7167,-79.3,77.47,76,5,9.93,clear sky,2021-03-25 19:16:55
280,Vysokogornyy,RU,50.1167,139.15,14.16,94,60,1.01,broken clouds,2021-03-25 19:16:56
281,Antalaha,MG,-14.9003,50.2788,79.02,85,100,2.01,overcast clouds,2021-03-25 19:16:56
282,Dukat,RU,62.55,155.55,-18.06,98,100,4.29,overcast clouds,2021-03-25 19:16:56
283,Ouro Preto Do Oeste,BR,-10.7481,-62.2158,76.42,95,99,4.36,overcast clouds,2021-03-25 19:12:34
284,Kaspiysk,RU,42.8816,47.6392,48.0,66,75,6.71,broken clouds,2021-03-25 19:16:57
285,Juneau,US,58.3019,-134.4197,33.8,80,90,13.8,light snow,2021-03-25 19:16:57
286,Nanortalik,GL,60.1432,-45.2371,16.59,63,62,26.51,broken clouds,2021-03-25 19:16:57
287,Cortez,US,37.3489,-108.5859,44.6,45,75,14.97,broken clouds,2021-03-25 19:16:57
288,Miles City,US,46.4083,-105.8406,51.8,37,1,9.22,clear sky,2021-03-25 19:13:09
289,Mahebourg,MU,-20.4081,57.7,77.0,94,40,3.44,light rain,2021-03-25 19:16:58
290,Mehamn,NO,71.0357,27.8492,33.8,69,40,20.71,scattered clouds,2021-03-25 19:16:58
291,Wanning,CN,18.8003,110.3967,72.64,88,100,6.82,overcast clouds,2021-03-25 19:16:58
292,Bembereke,BJ,10.2283,2.6634,90.14,31,99,5.82,overcast clouds,2021-03-25 19:16:59
293,Komsomolskiy,UZ,40.4272,71.7189,68.0,30,100,6.91,light rain,2021-03-25 19:16:59
294,Santa Rosa,PH,14.3122,121.1114,80.6,74,20,5.75,few clouds,2021-03-25 19:16:50
295,Cayenne,GF,4.9333,-52.3333,86.0,62,20,16.11,few clouds,2021-03-25 19:16:59
296,Mantua,IT,45.1667,10.7833,54.0,62,49,1.01,scattered clouds,2021-03-25 19:14:31
297,Luwuk,ID,-0.9516,122.7875,77.85,87,33,2.46,scattered clouds,2021-03-25 19:16:59
298,Monchegorsk,RU,67.9397,32.8739,28.99,86,100,13.96,overcast clouds,2021-03-25 19:17:00
299,Krasnyy Chikoy,RU,50.3643,108.7512,28.0,95,100,7.63,light snow,2021-03-25 19:17:00
300,Terekli-Mekteb,RU,44.1671,45.8698,44.28,60,100,17.38,overcast clouds,2021-03-25 19:17:01
301,Tuatapere,NZ,-46.1333,167.6833,50.0,97,100,1.01,light rain,2021-03-25 19:17:01
302,Moron,AR,-34.6534,-58.6198,70.0,94,90,5.75,moderate rain,2021-03-25 19:17:01
303,Surt,LY,31.2089,16.5887,58.21,58,10,8.14,clear sky,2021-03-25 19:17:01
304,Half Moon Bay,US,37.4636,-122.4286,57.99,71,40,18.41,scattered clouds,2021-03-25 19:17:02
305,Tateyama,JP,34.9833,139.8667,51.01,85,3,1.99,clear sky,2021-03-25 19:17:02
306,Sorland,NO,67.667,12.6934,35.6,80,0,6.91,clear sky,2021-03-25 19:17:02
307,Mushie,CD,-3.0167,16.9,71.01,93,100,2.51,overcast clouds,2021-03-25 19:17:02
308,Pisco,PE,-13.7,-76.2167,77.0,61,0,21.85,clear sky,2021-03-25 19:14:38
309,Taoudenni,ML,22.6783,-3.9836,76.46,8,0,11.56,clear sky,2021-03-25 19:17:03
310,San Patricio,US,28.017,-97.5169,84.2,23,20,21.85,few clouds,2021-03-25 19:17:03
311,Yakuplu,TR,40.9889,28.6758,42.01,75,75,4.61,broken clouds,2021-03-25 19:14:10
312,Port Hedland,AU,-20.3167,118.5667,78.8,83,4,8.05,clear sky,2021-03-25 19:17:03
313,Brae,GB,60.3964,-1.353,44.6,93,40,13.8,scattered clouds,2021-03-25 19:17:04
314,Kingsland,US,30.8,-81.6898,89.01,58,27,4.0,scattered clouds,2021-03-25 19:15:03
315,Zhangye,CN,38.9342,100.4517,43.84,33,37,1.79,scattered clouds,2021-03-25 19:17:04
316,Sovetskiy,RU,61.3614,63.5842,32.74,92,79,9.53,broken clouds,2021-03-25 19:17:04
317,Sao Joao Da Barra,BR,-21.6403,-41.0511,86.0,58,0,11.5,clear sky,2021-03-25 19:17:04
318,Keetmanshoop,NA,-26.5833,18.1333,75.2,31,49,5.75,scattered clouds,2021-03-25 19:17:05
319,Santiago Del Estero,AR,-27.7951,-64.2615,90.66,47,86,5.28,overcast clouds,2021-03-25 19:14:15
320,Korla,CN,41.7597,86.1469,52.05,34,0,3.67,clear sky,2021-03-25 19:12:24
321,Tilichiki,RU,60.4667,166.1,9.77,90,100,14.5,light snow,2021-03-25 19:17:05
322,Am Timan,TD,11.0297,20.2827,91.02,32,100,9.51,overcast clouds,2021-03-25 19:17:05
323,Ancud,CL,-41.8697,-73.8203,62.6,55,0,8.05,clear sky,2021-03-25 19:17:06
324,Loandjili,CG,-4.7561,11.8578,80.6,78,20,8.05,moderate rain,2021-03-25 19:17:06
325,Batagay,RU,67.6333,134.6333,-24.86,99,81,4.63,broken clouds,2021-03-25 19:17:06
326,Muromtsevo,RU,56.3724,75.2418,14.5,97,43,4.9,scattered clouds,2021-03-25 19:17:06
327,Luganville,VU,-15.5333,167.1667,78.1,85,76,5.61,broken clouds,2021-03-25 19:17:06
328,Ossora,RU,59.2353,163.0719,-1.59,80,100,7.56,overcast clouds,2021-03-25 19:17:07
329,Barcelona,ES,41.3888,2.159,57.0,82,40,8.05,scattered clouds,2021-03-25 19:17:07
330,Taldan,RU,53.6667,124.8,11.61,97,100,2.53,overcast clouds,2021-03-25 19:17:07
331,Mae Tha,TH,18.4646,99.1403,86.0,54,40,4.61,scattered clouds,2021-03-25 19:17:08
332,San-Pedro,CI,4.7485,-6.6363,79.38,82,100,5.59,overcast clouds,2021-03-25 19:17:08
333,Shumyachi,RU,53.8583,32.4242,32.85,95,100,1.43,overcast clouds,2021-03-25 19:17:08
334,Kieta,PG,-6.2167,155.6333,78.62,83,56,3.96,broken clouds,2021-03-25 19:17:08
335,Rosetta,EG,31.4044,30.4164,59.0,63,40,8.05,scattered clouds,2021-03-25 19:17:09
336,Alice,US,27.7523,-98.0697,87.8,18,1,16.11,clear sky,2021-03-25 19:17:09
337,Manzil Salim,TN,35.8567,8.4765,51.8,32,0,4.81,clear sky,2021-03-25 19:17:09
338,Pacajus,BR,-4.1725,-38.4606,80.01,89,75,6.91,broken clouds,2021-03-25 19:17:09
339,Fukue,JP,32.6881,128.8419,58.55,52,94,9.06,overcast clouds,2021-03-25 19:17:10
340,Goundi,TD,9.3627,17.366,93.2,16,90,1.72,overcast clouds,2021-03-25 19:17:10
341,Talnakh,RU,69.4865,88.3972,14.36,93,100,8.68,light snow,2021-03-25 19:17:10
342,Nisia Floresta,BR,-6.0911,-35.2086,77.0,94,75,2.3,light rain,2021-03-25 19:17:10
343,Gazli,UZ,40.1333,63.45,64.69,63,100,21.3,light rain,2021-03-25 19:17:11
344,Vila Franca Do Campo,PT,37.7167,-25.4333,59.0,72,20,10.36,few clouds,2021-03-25 19:17:11
345,Muravlenko,RU,63.7898,74.523,21.11,90,100,17.96,overcast clouds,2021-03-25 19:17:11
346,Strezhevoy,RU,60.7333,77.5889,23.0,93,75,6.71,broken clouds,2021-03-25 19:17:11
347,Buchanan,LR,5.8808,-10.0467,80.6,83,20,6.13,few clouds,2021-03-25 19:17:12
348,La Ronge,CA,55.1001,-105.2842,17.6,79,90,10.36,light snow,2021-03-25 19:17:12
349,Chicama,PE,-7.8447,-79.1469,71.6,83,40,12.66,fog,2021-03-25 19:17:12
350,Katobu,ID,-4.9408,122.5276,75.38,93,48,1.16,scattered clouds,2021-03-25 19:17:12
351,Kachiry,KZ,53.0675,76.1036,26.28,90,100,10.69,overcast clouds,2021-03-25 19:17:13
352,Koumac,NC,-20.5667,164.2833,76.62,78,42,6.51,scattered clouds,2021-03-25 19:17:13
353,Sungairaya,ID,0.7,108.9,75.2,89,100,5.39,moderate rain,2021-03-25 19:17:13
354,Alexandria,EG,31.2156,29.9553,59.0,63,40,8.05,scattered clouds,2021-03-25 19:12:25
355,Pudozh,RU,61.8099,36.5345,33.4,97,100,5.75,overcast clouds,2021-03-25 19:17:13
356,Elliot Lake,CA,46.3834,-82.6331,37.4,75,75,9.22,broken clouds,2021-03-25 19:17:14
357,Krasnoselkup,RU,65.7,82.4667,9.61,96,100,10.65,overcast clouds,2021-03-25 19:17:14
358,Bud,US,39.447,-86.1758,57.0,96,100,5.97,light rain,2021-03-25 19:17:14
359,Xining,CN,36.6167,101.7667,39.61,51,100,1.43,overcast clouds,2021-03-25 19:17:14
360,Mae Hong Son,TH,19.3003,97.9685,75.79,50,21,1.28,few clouds,2021-03-25 19:17:15
361,Sur,OM,22.5667,59.5289,77.27,61,6,9.4,clear sky,2021-03-25 19:17:15
362,Kalinagar,IN,28.6167,80.1,66.87,20,0,7.58,clear sky,2021-03-25 19:17:15
363,Bowen,AU,-20.0167,148.2333,73.4,94,40,2.3,scattered clouds,2021-03-25 19:17:15
364,Luena,AO,-11.7833,19.9167,63.41,95,98,3.67,light rain,2021-03-25 19:17:16
365,Chichica,PA,8.4922,-82.1627,89.6,58,20,11.5,few clouds,2021-03-25 19:17:16
366,Kyra,RU,49.5776,111.9753,34.14,53,100,3.91,overcast clouds,2021-03-25 19:17:16
367,Farsund,NO,58.0948,6.8047,43.0,95,47,9.64,scattered clouds,2021-03-25 19:17:17
368,Vangaindrano,MG,-23.35,47.6,75.36,76,99,2.28,overcast clouds,2021-03-25 19:17:17
369,Nouadhibou,MR,20.931,-17.0347,66.2,88,0,17.27,clear sky,2021-03-25 19:17:17
370,Kamaishi,JP,39.2667,141.8833,44.01,90,2,2.86,clear sky,2021-03-25 19:17:17
371,Nemuro,JP,43.3236,145.575,34.25,99,100,12.55,snow,2021-03-25 19:17:18
372,College,US,64.8569,-147.8028,25.0,80,75,2.46,light snow,2021-03-25 19:17:18
373,Najran,SA,17.4924,44.1277,75.2,22,0,4.09,clear sky,2021-03-25 19:17:18
374,Makakilo City,US,21.3469,-158.0858,71.6,88,90,6.91,moderate rain,2021-03-25 19:17:18
375,Faya,SA,18.3851,42.4509,68.0,55,0,4.61,clear sky,2021-03-25 19:17:19
376,Nikolskoye,RU,59.7035,30.7861,37.4,87,40,4.47,scattered clouds,2021-03-25 19:17:19
377,Xam Nua,LA,20.4197,104.0439,61.99,97,45,2.62,scattered clouds,2021-03-25 19:17:19
378,Los Llanos De Aridane,ES,28.6585,-17.9182,71.6,60,0,2.3,clear sky,2021-03-25 19:17:19
379,Quatre Cocos,MU,-20.2078,57.7625,80.01,94,40,3.44,light rain,2021-03-25 19:17:19
380,Lasa,IT,46.6166,10.7002,59.0,56,0,5.75,clear sky,2021-03-25 19:17:20
381,Nenton,GT,15.8,-91.75,86.0,37,0,7.18,clear sky,2021-03-25 19:17:20
382,Kyaikto,MM,17.3,97.0167,81.82,62,14,3.44,few clouds,2021-03-25 19:17:20
383,Kang,BW,-23.6752,22.7876,68.61,34,0,7.99,clear sky,2021-03-25 19:17:21
384,Cairns,AU,-16.9167,145.7667,78.8,89,90,8.05,overcast clouds,2021-03-25 19:15:47
385,Qasigiannguit,GL,68.8193,-51.1922,-5.8,77,90,3.44,light snow,2021-03-25 19:17:21
386,Boyolangu,ID,-8.1181,111.8935,75.36,90,100,1.32,overcast clouds,2021-03-25 19:17:21
387,Burnie,AU,-41.0667,145.9167,53.01,88,63,4.0,broken clouds,2021-03-25 19:17:22
388,Hirata,JP,35.4333,132.8167,51.8,76,20,16.11,few clouds,2021-03-25 19:17:22
389,Panjab,AF,34.388,67.0233,30.36,96,45,1.83,scattered clouds,2021-03-25 19:17:22
390,Santiago,CL,-33.4569,-70.6483,75.0,43,40,6.91,scattered clouds,2021-03-25 19:13:29
391,Mazyr,BY,52.0495,29.2456,33.64,67,7,4.21,clear sky,2021-03-25 19:17:23
392,Guerrero Negro,MX,27.9769,-114.0611,66.31,45,0,8.93,clear sky,2021-03-25 19:17:23
393,Maniitsoq,GL,65.4167,-52.9,2.66,80,100,16.37,overcast clouds,2021-03-25 19:17:23
394,Kaseda,JP,31.4167,130.3167,50.0,93,20,3.44,mist,2021-03-25 19:17:23
395,Goya,AR,-29.14,-59.2626,94.64,34,89,9.8,moderate rain,2021-03-25 19:17:09
396,Isangel,VU,-19.55,169.2667,73.4,88,20,5.75,few clouds,2021-03-25 19:17:24
397,Nador,MA,35.174,-2.9287,62.6,55,0,1.14,clear sky,2021-03-25 19:17:24
398,Tigil,RU,57.8,158.6667,10.11,94,100,12.62,overcast clouds,2021-03-25 19:17:24
399,Buala,SB,-8.145,159.5921,79.93,82,42,7.0,light rain,2021-03-25 19:17:24
400,Ostersund,SE,63.1792,14.6357,37.4,60,0,10.36,clear sky,2021-03-25 19:17:25
401,Vrangel,RU,42.7297,133.0839,34.52,90,99,4.36,overcast clouds,2021-03-25 19:17:25
402,Mount Isa,AU,-20.7333,139.5,71.6,49,7,12.39,light rain,2021-03-25 19:17:25
403,Tarija,BO,-21.5355,-64.7296,82.4,51,40,9.22,scattered clouds,2021-03-25 19:17:25
404,Kungurtug,RU,50.5994,97.5228,15.66,88,100,2.55,overcast clouds,2021-03-25 19:17:26
405,Lerik,AZ,38.7726,48.4128,50.0,87,90,6.67,overcast clouds,2021-03-25 19:17:26
406,Aksu,CN,41.1231,80.2644,55.2,26,100,6.13,overcast clouds,2021-03-25 19:17:26
407,Salina,US,38.8403,-97.6114,50.0,66,90,6.91,overcast clouds,2021-03-25 19:16:18
408,Mirandola,IT,44.8868,11.0662,55.99,54,100,6.15,overcast clouds,2021-03-25 19:17:26
409,The Valley,AI,18.217,-63.0578,84.2,61,40,16.11,scattered clouds,2021-03-25 19:15:50
410,Doka,SD,13.5167,35.7667,96.37,12,100,15.32,overcast clouds,2021-03-25 19:17:27
411,Erenhot,CN,43.6475,111.9767,50.49,26,100,12.41,overcast clouds,2021-03-25 19:17:27
412,Tomatlan,MX,19.9333,-105.25,89.06,18,10,9.04,clear sky,2021-03-25 19:17:27
413,Katsuura,JP,35.1333,140.3,53.6,54,0,11.5,clear sky,2021-03-25 19:17:28
414,Fort Nelson,CA,58.8053,-122.7002,21.2,68,20,4.61,few clouds,2021-03-25 19:17:28
415,Zhigansk,RU,66.7697,123.3711,0.93,95,100,18.45,light snow,2021-03-25 19:17:28
416,Ridgecrest,US,35.6225,-117.6709,66.2,16,40,28.77,scattered clouds,2021-03-25 19:17:28
417,Fermoy,IE,52.1358,-8.2758,48.0,93,75,14.97,broken clouds,2021-03-25 19:17:29
418,Coquimbo,CL,-29.9533,-71.3436,66.2,68,0,13.8,clear sky,2021-03-25 19:17:29
419,Vitim,RU,59.4511,112.5578,26.29,95,100,8.34,light snow,2021-03-25 19:17:29
420,Pulandian,CN,39.3953,121.9669,39.0,100,40,11.18,mist,2021-03-25 19:17:29
421,Hamilton,US,39.1834,-84.5333,62.01,88,90,8.05,overcast clouds,2021-03-25 19:13:44
422,Tahe,CN,52.3333,124.7333,16.79,98,100,2.24,overcast clouds,2021-03-25 19:17:30
423,Road Town,VG,18.4167,-64.6167,82.4,65,40,12.66,scattered clouds,2021-03-25 19:17:30
424,Sao Filipe,CV,14.8961,-24.4956,69.6,81,36,12.84,scattered clouds,2021-03-25 19:17:30
425,Broome,US,42.2506,-75.833,73.0,46,1,10.36,clear sky,2021-03-25 19:17:31
426,Linguere,SN,15.3953,-15.1193,105.8,9,0,4.61,clear sky,2021-03-25 19:17:31
427,Gimbi,ET,9.1667,35.8333,66.9,48,51,5.21,broken clouds,2021-03-25 19:15:30
428,Elat,IL,29.5581,34.9482,69.8,21,0,9.22,clear sky,2021-03-25 19:17:31
429,Ambanja,MG,-13.6833,48.45,75.25,93,99,3.15,moderate rain,2021-03-25 19:17:31
430,Ca Mau,VN,9.1769,105.15,79.65,79,100,9.75,overcast clouds,2021-03-25 19:17:32
431,Takapau,NZ,-40.0333,176.35,53.01,93,7,4.0,clear sky,2021-03-25 19:17:32
432,Palu,ID,-0.8917,119.8707,75.81,96,68,1.92,moderate rain,2021-03-25 19:17:32
433,Lima,PE,-12.0432,-77.0282,77.0,61,0,11.5,clear sky,2021-03-25 19:16:42
434,Bull Savanna,JM,17.8868,-77.5902,82.89,60,9,19.46,clear sky,2021-03-25 19:17:32
435,Ciudad Bolivar,VE,8.1222,-63.5497,95.09,28,98,8.28,overcast clouds,2021-03-25 19:17:33
436,Ahvaz,IR,31.3203,48.6693,73.4,31,5,9.22,dust,2021-03-25 19:17:33
437,Severo-Kurilsk,RU,50.6789,156.125,25.7,75,100,3.71,overcast clouds,2021-03-25 19:17:33
438,Wuan,CN,31.6836,112.0044,60.78,67,56,7.25,broken clouds,2021-03-25 19:17:33
439,Borujerd,IR,33.8973,48.7516,50.99,42,3,8.79,clear sky,2021-03-25 19:15:40
440,Alingsas,SE,57.9303,12.5335,41.0,93,33,4.61,mist,2021-03-25 19:17:34
441,Nchelenge,ZM,-9.3451,28.734,72.43,78,81,2.06,light rain,2021-03-25 19:17:34
442,High Level,CA,58.5169,-117.136,12.2,67,75,4.61,broken clouds,2021-03-25 19:17:34
443,Ahipara,NZ,-35.1667,173.1667,58.78,85,100,6.11,overcast clouds,2021-03-25 19:17:34
444,Tecoanapa,MX,16.5167,-98.75,82.92,55,5,12.35,clear sky,2021-03-25 19:17:35
445,Aykhal,RU,66.0,111.5,9.5,96,100,5.12,overcast clouds,2021-03-25 19:17:35
446,Tautira,PF,-17.7333,-149.15,86.0,70,20,3.44,few clouds,2021-03-25 19:17:35
447,Vanimo,PG,-2.6741,141.3028,77.72,87,100,2.08,moderate rain,2021-03-25 19:17:35
448,Salou,ES,41.0766,1.1416,55.99,82,40,4.03,scattered clouds,2021-03-25 19:17:36
449,Arman,RU,59.7,150.1667,-10.3,85,20,6.89,few clouds,2021-03-25 19:17:36
450,Almeria,ES,37.1667,-2.3333,61.0,82,0,2.3,clear sky,2021-03-25 19:16:34
451,Mercedes,AR,-34.6515,-59.4307,72.0,87,100,3.0,light rain,2021-03-25 19:17:36
452,Condado,CU,21.8767,-79.8403,93.2,48,40,12.66,scattered clouds,2021-03-25 19:17:36
453,Malpe,IN,13.35,74.7167,82.4,83,20,3.2,few clouds,2021-03-25 19:17:37
454,Tazmalt,DZ,36.3868,4.3989,56.17,61,0,3.78,clear sky,2021-03-25 19:17:37
455,Flinders,AU,-34.5833,150.8552,62.01,87,32,1.01,scattered clouds,2021-03-25 19:17:37
456,Charlestown,AU,-32.95,151.6667,64.0,79,0,6.67,clear sky,2021-03-25 19:17:38
457,Bilma,NE,18.6853,12.9164,73.76,11,0,13.09,clear sky,2021-03-25 19:17:38
458,Honningsvag,NO,70.9821,25.9704,33.8,55,75,16.11,broken clouds,2021-03-25 19:17:38
459,Kuala Terengganu,MY,5.3302,103.1408,80.6,89,40,4.61,light rain,2021-03-25 19:17:38
460,Mareeba,AU,-17.0,145.4333,78.8,89,90,8.05,overcast clouds,2021-03-25 19:17:39
461,Kirakira,SB,-10.4544,161.9205,80.1,82,100,7.45,overcast clouds,2021-03-25 19:17:39
462,Primorsko-Akhtarsk,RU,46.0497,38.1747,37.83,96,100,6.91,light rain,2021-03-25 19:17:39
463,Ust-Tsilma,RU,65.441,52.1498,33.12,90,99,11.48,overcast clouds,2021-03-25 19:17:39
464,Martapura,ID,-3.4167,114.85,77.0,100,90,1.14,overcast clouds,2021-03-25 19:17:40
465,Qingdao,CN,36.0986,120.3719,55.99,62,0,4.47,clear sky,2021-03-25 19:17:40
466,Kaeo,NZ,-35.1,173.7833,55.99,96,100,1.99,overcast clouds,2021-03-25 19:17:40
467,Avera,US,33.194,-82.5271,82.4,51,90,16.11,overcast clouds,2021-03-25 19:17:40
468,Dicabisagan,PH,17.0818,122.4157,76.14,86,55,4.34,broken clouds,2021-03-25 19:17:41
469,Verkhnyaya Inta,RU,65.9811,60.3094,31.77,97,100,21.03,light snow,2021-03-25 19:17:41
470,Nabire,ID,-3.3667,135.4833,75.29,93,100,3.27,overcast clouds,2021-03-25 19:17:41
471,Playas,EC,-2.6333,-80.3833,77.85,75,61,12.95,broken clouds,2021-03-25 19:17:41
472,Zinder,NE,13.8072,8.9881,91.4,9,0,11.5,clear sky,2021-03-25 19:15:31
473,Abhar,IR,36.1468,49.218,47.89,39,0,20.36,clear sky,2021-03-25 19:17:42
474,Belmonte,BR,-15.8631,-38.8828,82.4,65,40,9.22,scattered clouds,2021-03-25 19:17:42
475,Cassilandia,BR,-19.1133,-51.7342,91.04,36,94,2.08,overcast clouds,2021-03-25 19:13:59
476,Ayni,TJ,39.3941,68.5377,48.96,78,100,7.47,light rain,2021-03-25 19:17:42
477,Kathu,TH,7.9178,98.3332,80.6,78,20,5.75,few clouds,2021-03-25 19:17:43
478,Bosanska Gradiska,BA,45.1411,17.25,44.6,61,0,2.82,clear sky,2021-03-25 19:17:43
479,Kirkenaer,NO,60.4564,12.0582,42.8,56,0,9.22,clear sky,2021-03-25 19:17:43
480,Pangkalanbuun,ID,-2.6833,111.6167,74.62,97,100,2.01,overcast clouds,2021-03-25 19:15:06
481,Totness,SR,5.8833,-56.3167,79.86,79,45,8.55,light rain,2021-03-25 19:17:43
482,Northam,GB,51.0333,-4.2167,53.01,83,81,8.99,light rain,2021-03-25 19:17:44
483,Kalmar,SE,56.6616,16.3616,46.4,61,94,5.75,overcast clouds,2021-03-25 19:17:44
484,Formosa Do Rio Preto,BR,-11.0483,-45.1931,90.5,31,20,2.35,few clouds,2021-03-25 19:17:44
485,Berlevag,NO,70.8578,29.0864,33.8,69,40,26.46,scattered clouds,2021-03-25 19:17:44
486,Sacile,IT,45.9541,12.5029,52.0,82,0,3.44,clear sky,2021-03-25 19:16:05
487,Comodoro Rivadavia,AR,-45.8667,-67.5,78.8,11,0,16.11,clear sky,2021-03-25 19:15:01
488,Jacmel,HT,18.2342,-72.5347,91.4,40,20,16.11,few clouds,2021-03-25 19:17:45
489,Romny,UA,50.751,33.4747,31.95,78,97,7.49,overcast clouds,2021-03-25 19:17:45
490,Haysville,US,37.5645,-97.3523,51.8,76,90,8.05,overcast clouds,2021-03-25 19:17:45
491,Poum,NC,-20.2333,164.0167,80.33,71,15,20.11,few clouds,2021-03-25 19:17:45
492,Stepnyak,KZ,52.8339,70.7803,11.5,95,15,6.8,few clouds,2021-03-25 19:17:46
493,Saint-Georges,GD,12.0564,-61.7485,84.2,65,20,20.71,few clouds,2021-03-25 19:17:46
494,Quesnel,CA,52.9999,-122.5029,41.0,65,90,17.27,overcast clouds,2021-03-25 19:17:46
495,Muriwai Beach,NZ,-36.8167,174.45,63.0,95,5,5.99,clear sky,2021-03-25 19:15:11
496,Hovd,MN,48.0056,91.6419,34.47,23,100,4.76,overcast clouds,2021-03-25 19:17:46
497,Pochutla,MX,15.7432,-96.4661,88.0,45,1,11.5,clear sky,2021-03-25 19:17:47
498,Kavaratti,IN,10.5669,72.642,82.87,73,26,2.17,scattered clouds,2021-03-25 19:17:47
499,Lewistown,US,40.5992,-77.5714,66.2,77,1,8.39,haze,2021-03-25 19:17:47
500,Tebingtinggi,ID,3.3285,99.1625,75.2,100,40,4.61,scattered clouds,2021-03-25 19:17:48
501,Kudahuvadhoo,MV,2.6708,72.8944,82.53,70,91,12.82,overcast clouds,2021-03-25 19:17:48
502,Awjilah,LY,29.1081,21.2869,58.41,45,91,11.68,overcast clouds,2021-03-25 19:17:48
503,Olafsvik,IS,64.8945,-23.7142,27.52,71,100,37.96,overcast clouds,2021-03-25 19:17:49
504,Salsomaggiore Terme,IT,44.8148,9.9796,55.4,67,7,1.14,clear sky,2021-03-25 19:17:49
505,Genhe,CN,50.7833,121.5167,18.84,97,100,2.93,overcast clouds,2021-03-25 19:15:31
506,Gbarnga,LR,6.9956,-9.4722,79.2,75,75,4.97,broken clouds,2021-03-25 19:17:49
507,Tezpur,IN,26.6333,92.8,69.51,19,4,0.85,clear sky,2021-03-25 19:17:49
508,Tezu,IN,27.9167,96.1667,73.58,23,95,4.07,overcast clouds,2021-03-25 19:17:50
509,Tari,NG,12.4086,4.4914,92.39,13,38,5.12,scattered clouds,2021-03-25 19:17:50
510,Torres Novas,PT,39.4811,-8.5395,57.99,80,100,7.18,overcast clouds,2021-03-25 19:17:50
511,Alibunar,RS,45.0808,20.9658,44.01,55,0,2.3,clear sky,2021-03-25 19:17:50
512,Inirida,CO,3.8653,-67.9239,85.35,71,81,2.93,broken clouds,2021-03-25 19:17:51
513,Adrar,MR,20.5022,-10.0711,80.85,6,0,12.26,clear sky,2021-03-25 19:17:51
514,Tazovskiy,RU,67.4667,78.7,17.24,92,100,13.85,overcast clouds,2021-03-25 19:17:51
515,Rio Grande,BR,-32.035,-52.0986,82.4,69,20,18.41,few clouds,2021-03-25 19:17:51
516,Seoul,KR,37.5683,126.9778,42.8,93,75,1.14,mist,2021-03-25 19:13:20
517,Payo,ID,-3.7508,103.6372,72.61,98,100,2.06,overcast clouds,2021-03-25 19:17:52
518,Pacific Grove,US,36.6177,-121.9166,53.6,66,90,17.27,overcast clouds,2021-03-25 19:14:14
519,Nuevo Progreso,MX,23.1667,-97.95,88.0,14,35,11.01,scattered clouds,2021-03-25 19:17:52
520,Roald,NO,62.5833,6.1333,43.0,87,75,8.05,broken clouds,2021-03-25 19:17:52
521,Paragominas,BR,-2.9667,-47.4833,72.32,98,100,2.55,overcast clouds,2021-03-25 19:17:52
522,Kiama,AU,-34.6833,150.8667,62.01,92,46,1.01,scattered clouds,2021-03-25 19:17:53
523,Namie,JP,37.4833,141.0,44.01,80,0,1.01,clear sky,2021-03-25 19:17:53
524,Lipari,IT,38.4674,14.954,51.01,79,0,8.05,clear sky,2021-03-25 19:17:53
525,Honiara,SB,-9.4333,159.95,76.69,85,44,5.59,scattered clouds,2021-03-25 19:17:49
526,Myanaung,MM,18.2833,95.3167,82.51,54,18,2.13,few clouds,2021-03-25 19:16:06
527,Canalete,CO,8.6761,-76.2042,87.64,57,100,8.99,overcast clouds,2021-03-25 19:17:54
528,Akureyri,IS,65.6835,-18.0878,26.6,93,90,13.8,snow,2021-03-25 19:17:54
529,Mage,BR,-22.6528,-43.0406,86.0,62,40,12.66,scattered clouds,2021-03-25 19:17:54
530,Agadez,NE,19.75,10.25,70.29,13,0,10.6,clear sky,2021-03-25 19:17:54
531,Hickory,US,35.7332,-81.3412,61.0,94,90,5.75,moderate rain,2021-03-25 19:15:43
532,Pyapon,MM,16.2833,95.6833,80.38,72,100,8.75,overcast clouds,2021-03-25 19:17:25
533,Harbour Breton,CA,47.4833,-55.7983,41.41,84,100,2.26,overcast clouds,2021-03-25 19:17:55
534,Conde,BR,-7.2597,-34.9075,84.2,61,75,16.11,broken clouds,2021-03-25 19:17:06
535,Hualmay,PE,-11.0964,-77.6139,75.24,71,26,10.56,scattered clouds,2021-03-25 19:17:55
536,Ryki,PL,51.6257,21.9327,39.99,48,96,3.02,overcast clouds,2021-03-25 19:17:55
537,Nsanje,MW,-16.92,35.262,75.96,76,84,5.17,broken clouds,2021-03-25 19:17:56
538,Morwa,IN,22.9,73.8333,80.38,11,0,7.52,clear sky,2021-03-25 19:17:56
539,Mandera,KE,3.9366,41.867,88.0,20,6,2.73,clear sky,2021-03-25 19:17:56
540,Hambantota,LK,6.1241,81.1185,78.78,82,100,12.53,overcast clouds,2021-03-25 19:17:56
541,Staryy Nadym,RU,65.6118,72.6842,25.99,95,100,22.17,light snow,2021-03-25 19:17:57
542,Alofi,NU,-19.0595,-169.9187,78.8,94,22,5.75,few clouds,2021-03-25 19:17:57
543,Pirajui,BR,-21.9986,-49.4572,89.01,48,89,3.0,overcast clouds,2021-03-25 19:17:57
544,Griffith,US,41.5284,-87.4237,48.99,76,1,12.66,clear sky,2021-03-25 19:17:57
545,Aden,YE,12.7794,45.0367,79.54,66,24,15.77,few clouds,2021-03-25 19:13:16
546,Fairbanks,US,64.8378,-147.7164,26.01,93,90,2.39,light snow,2021-03-25 19:17:58
547,Nioro,GM,13.35,-15.75,100.81,13,0,6.55,clear sky,2021-03-25 19:17:58
548,Lavrentiya,RU,65.5833,-171.0,-2.52,88,40,5.21,scattered clouds,2021-03-25 19:17:58
549,San Quintin,MX,30.4833,-115.95,60.55,53,100,10.56,overcast clouds,2021-03-25 19:17:58
550,Otofuke,JP,42.9917,143.2003,39.0,97,100,3.78,overcast clouds,2021-03-25 19:17:59
551,Sao Felix Do Xingu,BR,-6.6447,-51.995,77.79,79,100,4.05,overcast clouds,2021-03-25 19:16:39
552,Luau,AO,-10.7073,22.2247,64.22,96,93,4.59,overcast clouds,2021-03-25 19:17:59
553,Yumen,CN,40.2833,97.2,42.98,34,24,7.43,few clouds,2021-03-25 19:17:59
554,Owando,CG,-0.4819,15.8999,70.09,97,83,2.8,broken clouds,2021-03-25 19:15:28
555,Alta Floresta,BR,-9.8756,-56.0861,80.4,77,93,2.55,overcast clouds,2021-03-25 19:17:59
556,Mount Gambier,AU,-37.8333,140.7667,50.0,100,85,10.36,overcast clouds,2021-03-25 19:18:00
557,Jiayuguan,CN,39.8167,98.3,41.67,35,0,4.29,clear sky,2021-03-25 19:18:00
558,Iskateley,RU,67.6803,53.1512,30.45,96,100,11.41,overcast clouds,2021-03-25 19:18:00
559,Ahuimanu,US,21.4447,-157.8378,73.4,83,90,5.75,moderate rain,2021-03-25 19:18:00
560,Berbera,SO,10.4396,45.0143,77.59,70,10,2.19,clear sky,2021-03-25 19:18:01
561,Haines Junction,CA,60.7522,-137.5108,19.4,42,100,2.3,overcast clouds,2021-03-25 19:18:01
562,Flin Flon,CA,54.7682,-101.865,21.2,58,90,11.5,light snow,2021-03-25 19:18:01
563,Jequie,BR,-13.8575,-40.0836,93.04,24,0,9.01,clear sky,2021-03-25 19:18:02
564,Nokaneng,BW,-19.6667,22.2667,75.72,57,63,2.28,broken clouds,2021-03-25 19:18:02
565,Carutapera,BR,-1.195,-46.02,74.64,96,100,4.25,moderate rain,2021-03-25 19:18:02
566,Egvekinot,RU,66.3167,-179.1667,-10.66,87,52,8.21,broken clouds,2021-03-25 19:18:03
567,Saint-Augustin,CA,51.226,-58.6502,33.3,99,100,9.04,overcast clouds,2021-03-25 19:14:40
568,Esil,KZ,51.9556,66.4042,13.06,98,68,7.02,broken clouds,2021-03-25 19:18:03
569,Verkhnevilyuysk,RU,63.4453,120.3167,10.81,94,100,5.46,overcast clouds,2021-03-25 19:18:03
570,Malabo,GQ,3.75,8.7833,78.8,89,40,4.63,scattered clouds,2021-03-25 19:18:04
571,Rujewa,TZ,-8.7,34.3833,65.66,94,100,4.41,moderate rain,2021-03-25 19:18:04
572,Sattenapalle,IN,16.4,80.1833,78.49,70,99,4.56,overcast clouds,2021-03-25 19:18:04
573,Palmerston,AU,-12.486,130.9833,80.6,89,40,4.61,scattered clouds,2021-03-25 19:15:00
574,Opuwo,NA,-18.0607,13.84,73.63,68,65,7.58,light rain,2021-03-25 19:18:04
575,Nanguneri,IN,8.4933,77.6581,80.74,75,100,8.39,overcast clouds,2021-03-25 19:18:05
576,Port Blair,IN,11.6667,92.75,80.35,78,74,3.06,broken clouds,2021-03-25 19:18:05
577,Jinxiang,CN,27.4327,120.6062,54.07,72,7,5.3,clear sky,2021-03-25 19:18:05
578,Aklavik,CA,68.2191,-135.0107,17.6,53,100,4.61,overcast clouds,2021-03-25 19:18:05
579,Along,IN,28.1667,94.7667,63.54,63,84,2.95,broken clouds,2021-03-25 19:18:06
580,Prince Rupert,CA,54.3161,-130.3201,42.8,65,90,9.22,overcast clouds,2021-03-25 19:18:06
581,Chagoda,RU,59.164,35.3285,35.28,97,100,6.51,overcast clouds,2021-03-25 19:18:06
582,Oudtshoorn,ZA,-33.5907,22.2014,66.2,88,0,3.44,clear sky,2021-03-25 19:18:06
583,San Antonio,US,29.4241,-98.4936,77.0,33,1,13.8,clear sky,2021-03-25 19:13:23
584,Okoneshnikovo,RU,54.8377,75.0834,15.06,94,10,8.12,clear sky,2021-03-25 19:18:07
585,Cadiz,ES,36.5,-5.75,64.4,82,0,6.91,clear sky,2021-03-25 19:18:07
586,Pont-A-Mousson,FR,48.9079,6.0589,50.0,76,0,4.05,clear sky,2021-03-25 19:18:08
587,Noumea,NC,-22.2763,166.4572,75.2,78,0,1.14,clear sky,2021-03-25 19:18:08
588,Lumphat,KH,13.4878,106.9816,77.02,69,40,8.84,scattered clouds,2021-03-25 19:18:08
589,Garowe,SO,8.4054,48.4845,72.81,50,0,16.02,clear sky,2021-03-25 19:18:08
590,Strathpeffer,GB,57.588,-4.5382,46.0,87,40,4.61,moderate rain,2021-03-25 19:18:09
591,Yei,SS,4.095,30.6779,77.86,41,71,1.34,broken clouds,2021-03-25 19:17:14
592,Masterton,NZ,-40.9597,175.6575,55.0,93,12,1.01,few clouds,2021-03-25 19:18:09
593,Atherton,GB,53.5237,-2.4935,53.01,52,100,3.0,overcast clouds,2021-03-25 19:18:09
594,Bongandanga,CD,1.5,21.05,70.61,97,100,4.0,overcast clouds,2021-03-25 19:18:10
595,Makinsk,KZ,52.6292,70.4169,6.96,99,52,4.36,broken clouds,2021-03-25 19:18:10
596,Rocha,UY,-34.4833,-54.3333,67.69,97,100,7.4,moderate rain,2021-03-25 19:18:10
597,Cuamba,MZ,-14.8031,36.5372,67.46,95,6,3.04,clear sky,2021-03-25 19:18:11
598,Ghiroda,RO,45.7639,21.3003,46.0,60,0,5.75,clear sky,2021-03-25 19:18:11
599,La Asuncion,VE,11.0333,-63.8628,79.68,72,10,17.11,clear sky,2021-03-25 19:18:11
600,Teya,RU,60.3778,92.6267,16.39,97,100,3.96,overcast clouds,2021-03-25 19:18:11
601,Grindavik,IS,63.8424,-22.4338,28.4,74,90,27.63,light snow,2021-03-25 19:18:12
602,Homer,US,59.6425,-151.5483,37.4,93,90,3.44,overcast clouds,2021-03-25 19:18:12
603,General Roca,AR,-39.0333,-67.5833,66.2,48,0,2.3,clear sky,2021-03-25 19:18:12
604,Tulle,FR,45.3333,1.8333,48.0,33,1,1.9,clear sky,2021-03-25 19:18:12
605,Vila Do Maio,CV,15.1333,-23.2167,71.6,64,20,18.41,few clouds,2021-03-25 19:16:08
606,Beian,NO,63.6559,9.5683,42.8,81,75,13.8,broken clouds,2021-03-25 19:18:13
607,Kaduna,NG,10.5222,7.4383,88.7,25,100,1.63,overcast clouds,2021-03-25 19:18:13
608,Kattivakkam,IN,13.2167,80.3167,78.8,89,100,2.3,mist,2021-03-25 19:18:13
609,Pierre,US,44.3683,-100.351,60.01,31,1,28.77,clear sky,2021-03-25 19:17:57
610,Touros,BR,-5.1989,-35.4608,77.0,94,75,4.61,broken clouds,2021-03-25 19:18:13
611,Sume,BR,-7.6717,-36.88,84.58,44,96,12.44,overcast clouds,2021-03-25 19:18:14
612,Oranjemund,NA,-28.55,16.4333,61.88,96,20,1.5,few clouds,2021-03-25 19:18:14
613,Roseburg,US,43.2165,-123.3417,48.99,61,90,3.44,overcast clouds,2021-03-25 19:18:14
614,San Juan,AR,-31.5375,-68.5364,70.75,48,29,19.17,scattered clouds,2021-03-25 19:15:13
615,Mecca,SA,21.4267,39.8261,78.17,46,0,4.32,clear sky,2021-03-25 19:18:15
616,Mengcheng,CN,33.2579,116.5655,51.22,82,0,7.52,clear sky,2021-03-25 19:18:15
617,Khash,IR,28.2211,61.2158,66.79,22,0,7.36,clear sky,2021-03-25 19:18:15
618,Guiyang,CN,26.5833,106.7167,60.8,88,90,8.95,overcast clouds,2021-03-25 19:18:15
619,Picayune,US,30.5255,-89.6795,78.01,91,100,13.51,overcast clouds,2021-03-25 19:18:15
620,Allanridge,ZA,-27.7543,26.6438,60.01,84,0,5.86,clear sky,2021-03-25 19:18:16
621,Imeni Zhelyabova,RU,58.9544,36.5956,34.72,96,98,5.91,overcast clouds,2021-03-25 19:18:16
622,Boyuibe,BO,-20.4167,-63.2833,87.8,48,75,4.61,broken clouds,2021-03-25 19:18:16
623,Medford,US,42.3265,-122.8756,48.2,57,75,14.97,broken clouds,2021-03-25 19:18:16
624,Basco,PH,20.4487,121.9702,74.32,85,100,22.59,overcast clouds,2021-03-25 19:18:17
625,Abha,SA,18.2164,42.5053,68.0,55,0,4.61,clear sky,2021-03-25 19:13:29
626,Ekhabi,RU,53.5102,142.9671,6.19,88,100,2.62,overcast clouds,2021-03-25 19:18:17
627,Borazjan,IR,29.2666,51.2159,73.4,83,20,4.61,few clouds,2021-03-25 19:18:17
628,Bengkulu,ID,-3.8004,102.2655,76.59,84,99,3.04,overcast clouds,2021-03-25 19:18:18
629,Simao,CN,22.7886,100.9748,62.01,46,7,0.65,clear sky,2021-03-25 19:18:18
630,Ixtapa,MX,20.7,-105.2,77.0,47,20,6.91,few clouds,2021-03-25 19:18:18
631,Lincoln,US,40.8,-96.667,50.0,57,90,9.22,overcast clouds,2021-03-25 19:17:24
632,Kologriv,RU,58.8275,44.3178,33.31,92,100,5.86,overcast clouds,2021-03-25 19:18:18
633,Mastung,PK,29.7994,66.845,64.42,27,0,4.61,clear sky,2021-03-25 19:18:19
634,Phangnga,TH,8.4509,98.5298,80.6,78,20,5.75,few clouds,2021-03-25 19:18:19
635,Black River,JM,18.0264,-77.8487,84.2,70,20,20.71,few clouds,2021-03-25 19:18:19
636,Altamont,US,42.2068,-121.7372,42.8,45,40,19.57,scattered clouds,2021-03-25 19:18:20
637,Dunedin,NZ,-45.8742,170.5036,55.0,91,100,5.99,overcast clouds,2021-03-25 19:18:20
638,Smithers,CA,54.7804,-127.1743,37.4,60,20,4.61,few clouds,2021-03-25 19:18:20
639,Lhokseumawe,ID,5.1801,97.1507,77.0,87,99,6.35,overcast clouds,2021-03-25 19:18:20
640,Solnechnyy,RU,50.7214,136.6319,22.19,93,95,2.62,overcast clouds,2021-03-25 19:18:21
641,Goundam,ML,16.4145,-3.6708,83.88,5,5,11.39,clear sky,2021-03-25 19:18:21
642,Rio Gallegos,AR,-51.6226,-69.2181,64.4,32,75,34.52,broken clouds,2021-03-25 19:15:31
643,Havre-Saint-Pierre,CA,50.2334,-63.5986,39.2,87,90,2.3,overcast clouds,2021-03-25 19:18:21
644,Ariquemes,BR,-9.9133,-63.0408,76.75,88,100,2.24,moderate rain,2021-03-25 19:18:21
645,Montlucon,FR,46.3333,2.6,48.0,85,76,1.86,broken clouds,2021-03-25 19:18:22
646,Cockburn Town,TC,21.4612,-71.1419,77.61,76,0,18.32,clear sky,2021-03-25 19:18:22
647,Wajir,KE,1.7471,40.0573,89.6,35,1,7.47,clear sky,2021-03-25 19:18:23
648,Fassuta,IL,33.0483,35.3098,55.4,88,20,4.61,few clouds,2021-03-25 19:18:23
649,Christchurch,NZ,-43.5333,172.6333,57.99,88,29,10.36,scattered clouds,2021-03-25 19:15:06
650,Labuan,MY,5.2767,115.2417,77.0,94,20,2.3,few clouds,2021-03-25 19:18:23
651,Rabo De Peixe,PT,37.8,-25.5833,59.0,72,20,10.36,few clouds,2021-03-25 19:18:23
652,Amapa,BR,1.0,-52.0,81.3,76,92,4.18,overcast clouds,2021-03-25 19:18:24
653,Maragogi,BR,-9.0122,-35.2225,82.06,70,56,11.39,broken clouds,2021-03-25 19:16:58
654,Dudinka,RU,69.4058,86.1778,14.67,94,100,14.65,light snow,2021-03-25 19:18:24
655,Mancio Lima,BR,-7.6142,-72.8958,77.0,100,75,3.44,broken clouds,2021-03-25 19:18:24
656,Manggar,ID,-2.8833,108.2667,77.4,89,100,3.31,overcast clouds,2021-03-25 19:18:24
657,Mpulungu,ZM,-8.7623,31.1141,73.0,80,100,4.68,overcast clouds,2021-03-25 19:18:25
658,Pedasi,PA,7.5333,-80.0333,83.3,64,87,12.39,overcast clouds,2021-03-25 19:18:25
659,Bradford,GB,53.7939,-1.7521,50.0,59,15,1.99,few clouds,2021-03-25 19:18:25
660,Lodwar,KE,3.1191,35.5973,87.93,24,3,8.86,clear sky,2021-03-25 19:18:25
661,Blairmore,CA,49.6,-114.4353,32.0,86,100,11.5,overcast clouds,2021-03-25 19:18:26
662,Sindor,RU,62.8629,51.8905,32.92,85,100,9.53,overcast clouds,2021-03-25 19:18:26
663,Broken Hill,AU,-31.95,141.4333,59.0,63,62,8.05,broken clouds,2021-03-25 19:18:26
